"Based on noiseRem,RT,Repeat Rem",Cortx27,Cortx18,Cortx25,Cortx20,Cortx17,Cortx19,Cortx26,Cortx28,Cortx31,Cortx32,Cortx24,Cortx29,Cortx21,Cortx23,Cortx22,Cortx30,Cortx14,Cortx10,Cortx2,Cortx5,Cortx13,Cortx9,Cortx1,Cortx6,Cortx15,Cortx8,Cortx11,Cortx7,Cortx16,Cortx12,Cortx4,Cortx3,QCCortx 1,QCCortx 2,QCCortx 3,QCCortx 4,QCCortx 5
Accepted Compounds,Cortx-FCI,Cortx-FCI,Cortx-FCI,Cortx-FCI,Cortx-FCI,Cortx-FCI,Cortx-FCI,Cortx-FCI,Cortx-FCS,Cortx-FCS,Cortx-FCS,Cortx-FCS,Cortx-FCS,Cortx-FCS,Cortx-FCS,Cortx-FCS,Cortx-NOI,Cortx-NOI,Cortx-NOI,Cortx-NOI,Cortx-NOI,Cortx-NOI,Cortx-NOI,Cortx-NOI,Cortx-NOS,Cortx-NOS,Cortx-NOS,Cortx-NOS,Cortx-NOS,Cortx-NOS,Cortx-NOS,Cortx-NOS,QCCortx,QCCortx,QCCortx,QCCortx,QCCortx
1,-1.131186763,-0.139979242,0.174024574,0.063278641,0.086510697,0.35814472,-0.370171677,-0.338364534,0.075043259,0.27212148,0.781085586,0.362049765,-0.639348318,0.318802215,0.176824032,0.289780575,-0.186398622,0.250418783,0.185020013,0.409235009,-0.116869378,0.206925554,0.232022355,0.659693176,0.083844098,-0.796761951,-0.167867163,0.114070088,-0.024059354,-0.003085118,0.498686466,0.219407736,-0.166540411,0.024806708,-0.085055334,-0.05245708,0.061700194
2,-0.341960102,-0.126284823,-0.841879045,0.166400215,-0.366118399,0.39989812,0.069789884,-1.01525997,0.181571637,0.314154936,0.014430552,-0.32698129,-0.687551516,0.203838622,0.183882397,0.193663791,-0.56625977,-0.370088996,-0.155709716,-0.205738574,-0.123976696,-0.141127695,0.120621778,0.119900847,-0.130821927,-0.211293221,-0.23699635,-0.499085065,-0.046107681,-0.281407805,0.283451405,0.201525128,-0.590835933,-0.041751647,-0.169287819,-0.375279185,-0.450555878
3,0.008212303,0.314853508,-0.269807578,-0.136904604,-0.104620702,-0.1687665,0.297743017,-0.026003132,0.009923722,0.444351655,0.110142992,0.040990098,-0.244126943,-0.272234225,0.038960815,0.14920032,0.138226696,0.204970796,0.15078873,0.229539591,-0.003721186,-0.21085159,0.13439598,-0.374353388,0.15408627,0.211996487,-0.015688663,0.353362904,0.541559038,-0.176522109,-0.318303256,-0.205831779,-0.011732398,-0.181475444,-0.234113352,-0.299656431,-0.371590117
4,-0.058596014,-0.001993217,-0.237563129,-0.018717579,0.020617227,0.05973632,0.634511691,0.180819046,-0.24759798,-0.157141613,-0.102252459,-0.463002395,0.895313325,-0.064219277,-0.029455859,0.077011035,0.371318054,-0.251438901,-0.03670727,-0.277333776,0.033467127,-0.107955254,-0.074020659,-0.890153905,0.267923124,-0.009370878,-0.167167632,-0.316644617,-0.033008759,-0.061843576,-0.408204339,-0.224446739,0.050112438,-0.494853346,-0.301781116,-0.090976713,0.151711663
5,-0.563746065,-0.21441103,-0.352056924,-0.014894965,0.043850772,-0.014723491,-0.299360241,-0.337343583,-0.315364476,-0.062448406,-0.391548202,-0.068839873,-0.958349933,-0.039177946,-0.336474358,0.0672388,-0.129349906,-0.267855503,-0.055553467,0.06924908,-0.187358514,0.034872315,0.010057493,0.164454423,-0.414425032,-0.359341769,-0.223483514,-0.135977961,-0.031062344,-0.17570894,-0.031277836,0.068252332,-0.471881295,-0.148094198,-0.006712886,-0.239583019,-0.410005238
6,0.029939621,-0.149681549,0.53218043,0.115673775,-0.12622161,0.061427281,-0.149986533,0.206765286,-0.154434804,0.164652303,0.26307594,0.416244552,-0.736612055,0.194634769,0.169249699,-0.112272443,-0.245972831,0.440673299,-0.14643119,0.40761879,0.187800655,0.279594324,0.224703695,0.383149491,-0.095739729,0.005445172,-0.040452937,0.152897744,0.232366696,0.427962841,0.310540938,0.116170582,-0.126013671,0.413634707,0.510474366,0.359163781,0.403587586
7,0.24954808,0.16725719,-0.238848227,0.019478986,0.173691179,-0.230654934,0.469457213,0.24819109,0.236729289,0.056811534,0.114378056,-0.28065758,0.654950427,-0.152445251,0.061993263,0.183992899,0.628612503,-0.127105557,0.265608512,-0.124798813,0.012660411,-0.247618118,0.192212521,-0.871974024,0.294780562,0.37534233,0.02310679,-0.121245033,0.125239561,-0.109779802,-0.24093291,0.047761719,0.122927866,-0.23988607,-0.202194931,-0.20022187,-0.165703667
8,0.138804724,0.036148582,-0.140175242,-0.414430822,-0.107729417,-0.284414605,0.406583045,0.29159049,0.49410799,0.318895809,0.504643301,0.256383255,0.800145135,0.563535598,0.750293452,0.638266195,0.271369116,-0.499400816,0.408361546,0.303167478,0.172371622,-0.231958193,0.528309067,-0.680122573,0.011551326,0.260637136,-0.241037169,-0.397915962,-0.070453405,0.05331311,-0.141499858,0.358490695,0.129351541,0.227776742,0.389428346,0.44191748,0.532378098
9,-0.186915497,0.038683085,-0.382005788,0.165724811,-0.171328504,-0.040115127,0.010238329,-0.463815925,0.303351093,0.410803102,0.261498363,0.074450675,-0.937331369,-0.062581275,0.013346656,0.146581426,-0.348459507,0.048175233,-0.187605755,-0.023342199,-0.138278059,-0.186991766,-0.012158636,0.106451552,0.145676867,-0.152578567,0.056148306,-0.295235285,-0.151496011,-0.199512929,0.307861285,-0.012519055,0.093971228,-0.045003786,-0.155707409,-0.430380605,-0.232092761
10,0.252703617,0.243369962,0.354784681,0.513556195,-0.049008074,-0.195654827,0.054767108,0.113652373,0.531326315,0.400334077,0.310373508,0.5825482,-1.133051176,-0.193298495,-0.244029573,-0.290395225,-0.141575187,0.641789884,0.003038898,0.581646878,-0.366444757,0.323082501,0.05245787,0.140181642,0.398534019,0.021805217,0.44731596,-0.104131318,0.574598712,0.041205393,0.092051714,-0.23269437,0.3799215,0.022214691,-0.049497179,-0.042944403,-0.087596493
13,0.659144764,0.273816338,0.194448653,0.022779123,0.140761645,-0.204087488,0.135675954,0.378270117,0.589511113,0.057859325,0.104042555,0.031148995,-0.48246208,-0.019605652,0.113040983,-0.140807464,0.696041549,-0.300713309,0.16573133,0.158108762,0.042248918,-0.011710327,0.049511805,-0.792692749,0.413026433,0.848078559,0.410703583,-0.107009335,0.034108237,0.033500552,-0.220351446,-0.063816872,0.519925684,-0.020133328,-0.024074071,0.006413464,0.041420841
14,0.22799434,-0.030219981,-0.164693222,0.008725275,0.099204929,-0.180846343,0.28442823,0.1262954,0.127783225,0.119994809,0.070005518,-0.376555595,0.949007912,-0.022999484,0.104002343,0.121381869,0.569255748,-0.257206078,0.272368583,-0.083020647,0.094198309,-0.268162772,0.148596705,-1.071862755,0.197633563,0.309929822,-0.004211795,-0.24977241,0.008094578,-0.038164342,-0.373864309,-0.21978634,0.32465302,0.026286139,-0.075713435,-0.015272072,-0.075371761
15,0.411701886,0.288150824,-0.201610682,-0.169748429,0.095151108,-0.318465673,0.400947461,0.180526886,0.361537819,0.253153817,0.100824349,-0.062176048,0.618397346,-0.047541074,0.280557023,0.29927062,0.561796214,-0.146725591,0.361374637,0.072056473,0.119225458,-0.286285042,0.235765763,-0.725783073,0.194302995,0.502206507,0.109998474,-0.210424722,0.242206517,-0.101732481,-0.398386932,-0.136816295,0.265053945,-0.105685616,-0.099001258,-0.055677977,-0.058898341
16,-1.220537082,-0.448305532,-0.769470735,-0.038095323,0.090036551,0.274804111,-0.250551494,-1.433130732,-0.893061717,0.175760815,-0.196585212,-0.555703263,-0.379493364,-0.048423519,-0.438486919,-0.18827235,-0.551190589,-0.141025328,0.008737192,-0.219261497,-0.257141261,0.161378734,0.096908284,0.247543932,-0.338437585,-0.641020457,-0.662743805,-0.133897287,-0.07899032,-0.339824893,0.293373839,-0.038286836,-0.649669924,-0.309077203,-0.280070078,-0.317110417,-0.365279411
17,-0.489879016,-0.037527577,-0.506363658,-0.039194714,-0.37729166,0.101350329,-0.138104447,-0.801983013,0.00758623,0.166436807,0.030925067,-0.27032088,-0.797975616,-0.036334581,-0.071314253,0.042689218,-0.496918143,-0.213396892,-0.143927346,-0.159159698,-0.219000239,-0.131687263,-0.091885794,0.116832983,-0.266649893,-0.237511962,-0.198067497,-0.400676444,-0.094437157,-0.353358129,0.200631761,-0.011558854,-0.482135917,-0.191943757,-0.324068093,-0.436116296,-0.529664682
18,-0.330373855,-0.116191731,-0.214886178,0.074919871,0.089601862,0.100781197,0.327260553,-0.180034546,-0.227242133,-0.137885949,-0.010821739,-0.373469837,0.704316309,-0.014249823,-0.041417525,0.242500486,0.078465363,-0.187462565,0.020582885,-0.249743238,0.079028451,-0.346110735,0.228819329,-0.474447029,-0.134742837,-0.406135547,-0.231683847,0.269463708,0.115088558,-0.036239376,0.104389771,0.303477095,-0.655393258,-0.37041755,-0.406001407,-0.342864264,-0.32963977
19,0.373919069,0.184738763,-0.124873665,-0.218461304,-0.027943772,-0.065187633,0.53372695,0.156111476,0.358907203,-0.034497608,0.043359567,-0.34538548,1.433223715,-0.189253191,0.079944167,0.112520019,0.485925786,0.001448287,0.157741786,-0.064302276,-0.006399767,-0.196259227,0.019278356,-1.046018846,0.542778737,0.420949306,0.08635584,-0.297743139,0.245495135,0.04712475,-0.642550052,-0.155433281,0.265457199,-0.185892203,-0.080707243,0.105354093,0.149758545
20,0.19654659,0.164650328,-0.013552049,0.296100028,-0.004172189,0.228361753,0.125105775,-0.07397461,0.128624788,-0.085933281,0.020600636,-0.345721038,0.128601458,-0.22999413,-0.597382607,-0.271912904,0.150633362,0.140579256,-0.119549008,0.122577679,0.008159335,0.25659426,-0.041709297,-0.322512538,0.48421511,0.288602066,0.38816862,-0.018780825,0.185963193,0.001705807,-0.218172039,-0.335263398,0.189684509,-0.220226415,-0.364630032,-0.267674018,-0.304268071
21,0.349501774,0.281392029,0.36122794,-0.016338281,0.028826293,-0.007455547,0.081266226,0.050826327,0.166403185,-0.343216185,-0.185142673,-0.238999516,0.153159631,-0.346626064,-0.10294622,-0.33992279,0.17781534,0.272408647,-0.308129223,-0.134234182,-0.041728298,0.222576142,-0.285050846,-0.02405369,0.390258989,0.406937139,0.288261716,-0.108081146,0.207112413,0.163029464,-0.279203369,-0.121603735,0.028916663,-0.337951005,-0.13380579,-0.142314171,-0.120725986
22,0.318603031,0.223959754,0.458967655,0.308714179,0.113807486,0.278856269,-0.093922491,0.341405286,0.450615584,0.118941997,0.442126452,0.119692454,-1.356174569,0.278799032,-0.196431627,0.026747461,0.02563412,0.160531545,0.246923261,0.311435622,-0.041504551,0.439650856,0.197582372,0.055348995,0.306558659,0.274072375,0.509281849,0.355312944,0.020969179,0.223131012,0.311264143,0.206804479,0.465922286,-0.021186381,-0.108227303,0.056213085,-0.060170181
23,-0.034334074,0.23924766,0.011987804,0.026214543,0.165769069,0.194610909,-0.383179858,-0.166886023,-0.148770505,0.271538926,-0.080779567,0.09251162,-1.155469021,0.048116116,-0.429649378,0.05519598,-0.070773404,0.16250191,0.127416785,0.137186565,-0.100288174,0.080725782,0.253397647,0.056370472,-0.167065233,0.239892165,0.134300658,-0.404752811,-0.086873147,-0.226111267,-0.247697199,-0.191587599,-0.354032405,-0.175922522,0.093577146,-0.230824722,-0.037328024
24,-0.291171701,-0.209322914,-0.349809343,-0.297939092,-0.532954243,-0.087307519,0.046265287,-0.538268817,-0.155006085,0.448003279,-0.189224845,-0.220561396,0.80593495,-0.180392511,-0.503875436,-0.239742191,-0.305276007,0.055766712,-0.019894098,0.182864016,-0.619989546,-0.310180016,-0.312092102,-0.0755762,-0.130998049,-0.291390186,-0.2693133,-0.190073091,-0.005831474,-0.384370949,0.150323009,-0.136919301,-0.513150835,0.175233269,0.074025986,-0.024110895,-0.149314122
25,0.398543071,0.418583185,0.065992916,0.256227275,0.250217168,0.352887356,-0.297982441,-0.169237933,0.175247738,-0.096777511,-0.246907603,-0.247864189,-0.194024596,-0.096537112,-0.602315347,-0.154373529,0.003098647,-0.034520243,0.141715531,-0.254882573,0.150131269,0.253677026,-0.200736647,0.054016747,-0.025633972,0.408994211,0.486726877,0.249035074,-0.051700468,-0.33058867,-0.032699025,-0.304839823,0.129983531,-0.39958867,-0.425299076,-0.525059088,-0.58142231
26,0.154343491,0.230241692,0.315926816,0.075709591,0.160919438,0.299067484,0.135607189,0.314279487,0.295913537,0.18203287,0.327936662,0.164182884,-0.039744359,0.342078012,0.275505592,0.368760539,0.011146425,0.458335021,0.251016409,0.15570227,0.293522675,0.347064257,0.250936084,0.311334844,0.076904892,0.204886469,0.199017632,0.465239125,0.166148149,0.25999734,0.061550896,0.243462037,0.054216773,0.340946165,0.352590429,0.320972607,0.268680899
27,-0.141105084,-0.14748448,0.147595077,0.234188909,-0.040585759,0.164898205,-0.052768804,0.01265575,-0.100622294,0.399145271,0.195612905,0.403401497,-0.089405124,0.172884726,0.257664026,0.071598748,-0.210596762,0.267053453,-0.023593031,0.372252387,0.057481814,0.165123693,0.291757799,0.291087642,-0.085388231,-0.17614198,-0.255715448,0.011470767,0.257314392,0.248429117,0.426230829,0.091412149,-0.194661546,0.417132808,0.370121757,0.326235546,0.214340137
28,-0.32300015,-0.00356903,-0.109945931,0.130760153,0.352572354,0.13164405,0.33728937,0.133323796,-0.208364877,-0.149569239,-0.1549108,-0.305253177,-0.096829183,0.145043421,0.048731927,0.333162025,0.288720867,-0.374919518,0.185671562,-0.279208634,0.130114219,-0.025604929,0.31595652,-0.536076265,-0.141507838,-0.29592615,-0.117108989,0.051083026,-0.170888831,0.134985986,0.151520529,0.286517701,-0.260611499,-0.397517916,-0.284086613,-0.126633762,-0.033653323
29,0.703677813,0.425357314,0.020601073,0.488820646,0.535433827,0.116235179,0.059715402,0.028166629,0.564242265,0.288730821,0.360501655,0.347493646,0.725856903,0.189485167,0.51020069,-0.11876649,0.830824052,0.253463347,0.513492994,0.755768793,-0.0591803,0.288855769,-0.009988762,-0.105404036,0.403780874,-0.085589322,-0.02155112,0.453182528,0.367394806,-0.17622527,-0.158094607,-0.065005449,0.622953903,0.260418707,0.297670621,0.292240211,0.345275779
30,-0.357022255,-0.092163773,-0.497766828,-0.184212461,-0.464724342,0.110093339,-0.014176899,-0.344484563,-0.228423523,0.027249833,0.075952175,-0.021448112,0.962125193,0.020217045,-0.110294682,0.11183718,-0.18801714,-0.381274145,-0.368154532,0.293541775,-0.392471049,-0.440768251,-0.052656756,-0.37003814,-0.303588781,-0.412810817,-0.420624078,-0.2348263,0.215217077,-0.500748028,0.129676917,0.030091454,-0.157025865,-0.257383658,-0.12976794,-0.193339764,-0.153205425
31,0.013098864,0.170119977,0.184611154,-0.566737568,-0.406281687,0.467200737,0.638231753,0.161125887,0.079226845,0.304805083,0.359392023,0.115989981,-0.508538819,0.496324522,0.550702152,0.768964839,-0.411798803,0.065806383,0.491008294,0.183131814,0.492663849,0.250527368,0.702047374,0.445171686,0.185115662,0.006597838,0.123340895,0.314939276,0.515450862,0.44360427,-0.274318358,0.006260787,-0.297206485,-0.188380956,-0.125681601,-0.006105149,0.079654308
32,0.31687672,0.190751074,0.027415515,-0.181748476,0.050390544,-0.220319927,0.252535588,0.256590419,0.447201451,0.16177316,0.231358933,-0.058589227,0.599169698,0.130808978,0.325201566,0.252117921,0.511638918,-0.323973684,0.347901466,0.057469594,0.229979824,-0.189096397,0.253829158,-0.890235066,0.317087601,0.515840737,0.034803719,-0.143362117,0.08246052,0.091187245,-0.436007733,-0.008079174,0.225333015,0.172003816,0.187314573,0.119886672,0.121543287
33,0.361532301,0.084112095,0.149025512,-0.174456206,-0.048961444,-0.031823276,0.077781582,0.288656608,0.245011519,0.005918366,0.380256229,0.289831637,1.510351044,0.494071519,0.339043869,0.590814936,0.121191414,-0.148916371,0.305079292,0.359104721,0.121963971,0.041223258,0.404888061,0.085658874,-0.030094052,0.100506011,0.023228296,0.109128601,0.099198923,0.065274685,0.085112691,0.351032572,0.140612179,0.40877164,0.2503537,0.464655619,0.343556887
34,-0.022632614,0.239667348,0.200302213,-0.572787527,-0.472341645,0.500470092,0.617885317,0.162688753,-0.05343329,0.244230266,0.352550712,0.157805873,-0.591384913,0.544387309,0.501085961,0.730562011,-0.453641762,0.057268087,0.457018026,0.206187903,0.450757881,0.293212061,0.710833441,0.491246399,0.154162884,0.059207468,0.037804532,0.326014035,0.526992721,0.434924035,-0.288991977,-0.000828324,-0.423371961,-0.204061306,-0.141588358,0.076624829,0.062359509
35,0.138123012,0.323100426,0.118801814,0.274113703,0.310152071,0.341019873,0.034285351,0.001479488,-0.33095445,-0.183806144,-0.052874255,-0.23477096,-0.156206307,-0.316258696,-0.512034907,-0.425870565,-0.034206907,0.604633229,-0.298398849,-0.210324391,0.339107703,0.272670406,-0.358139138,-0.251027961,0.423236958,0.365300153,0.15380059,0.226189605,0.153681079,-0.03388896,-0.376478534,-0.642448858,0.439709137,-0.118911098,-0.099146253,-0.093793737,-0.199480099
36,0.122993526,0.248404928,0.361658777,0.100029836,0.238053077,0.449553769,-0.069458052,0.046837493,0.01012377,0.219234981,-0.10891011,0.004220121,0.581306789,0.132658779,-0.469202666,0.041458296,0.051877332,0.276846604,-0.065843227,-0.0300805,0.02996409,0.427808492,-0.248576933,0.051054281,0.151459297,0.651790946,0.547558929,0.254911342,0.004612293,-0.139666825,-0.143312279,-0.27911864,-0.092416673,0.291393835,0.028659346,-0.13513723,0.168832971
37,0.215347113,0.039960531,-0.037535873,-0.202503998,0.028123293,-0.169231139,0.46251613,0.321835085,0.284041479,0.170998498,0.221654644,0.027501505,0.972902242,0.2335335,0.534303481,0.354571783,0.366233944,-0.158929329,0.314174471,0.148317087,0.288743721,-0.108940217,0.346979131,-0.809448768,0.156598749,0.350840961,-0.113045804,-0.187354839,0.130303029,0.198460065,-0.317228974,0.134828182,0.131123782,0.293793918,0.341884694,0.399955876,0.437375818
38,-0.167796281,-0.071017094,-0.832695296,-0.06964091,-0.109575604,0.086981331,0.141953755,-0.618118107,0.090273277,-0.024220413,-0.117478041,-0.567541845,0.835276412,-0.184881471,0.075097843,0.116770302,-3.32E-05,-0.389759292,0.114893957,-0.236431339,-0.031339948,-0.326383944,0.265823223,-0.808326197,-0.030168896,0.115269895,-0.300263278,-0.386110271,-0.274532209,-0.488788082,-0.334259634,-0.189305436,-0.11713043,-0.08042728,-0.271340772,-0.292337727,-0.348532449
39,-0.463795408,-0.336102428,-0.829925406,-0.91535919,-0.49069618,-0.045059719,-0.376752665,-0.548899458,-0.610266075,-0.259135352,-0.530566999,-0.36956121,-0.584306208,-0.484966715,-0.314694639,-0.742981182,-0.365275993,-0.570214527,-0.580939371,-0.427678029,-0.328708346,-1.13093141,-0.860605761,-0.530582511,-0.347311906,-0.580084832,-0.413512859,-1.120477078,-0.438582775,-0.814147187,-0.440975935,-0.377967085,-0.552993548,-0.416041435,-0.388550804,-0.413783646,-0.386479645
40,0.464730862,0.338971607,0.358723026,0.428323069,0.174147198,-0.152486235,0.089825778,0.300163813,0.553466757,0.371355385,0.479305021,0.624798369,-1.135242288,0.265035003,0.562274042,0.049287758,0.631941828,0.250857819,0.284932567,0.578182508,-0.01418904,0.198479019,-0.024433763,0.12013455,0.530967607,-0.154271987,0.024662178,-0.233832142,0.317176852,0.003364893,0.02598871,0.185211081,0.413527847,0.228784274,0.209796753,0.330709178,0.400874271
41,0.840978451,0.496272336,0.852699521,0.145402925,0.091118311,0.190117513,0.501902545,0.808308525,0.060157034,0.366792247,0.022453266,0.406648175,0.502954897,-0.128372756,0.161926156,-0.075893255,0.73795527,0.462349419,0.682839417,0.239602421,0.218834308,0.1302477,0.278462817,-0.031024401,0.362401655,0.100025618,0.17026518,0.275622534,0.397420713,0.406309203,-0.632935167,-0.310381305,0.19135213,0.431270641,0.348117348,0.374349264,0.473321001
42,0.657497576,0.293891081,0.100755593,-0.013896303,0.221353854,-0.340115392,0.476179602,0.218715446,0.540384827,0.142070925,0.208210923,-0.051235351,1.083098281,0.113136948,0.538496285,0.161855445,0.536770935,-0.248442994,0.292556301,0.040462653,0.215854016,-0.23723018,0.211187427,-1.053003919,0.382767984,0.614647277,0.096685746,-0.334782957,0.065195664,0.167798314,-0.475681635,-0.12013956,0.538245304,-0.034748901,0.083710648,0.20521675,0.272958745
43,0.686499766,0.202439492,0.257400192,-0.254761137,0.08737497,0.065175412,0.363601921,0.468189505,0.339353728,-0.061633819,-0.026433964,0.406253019,1.475706053,0.11097826,0.375256638,0.047448839,0.216714691,0.239523422,0.920829889,0.493522656,0.17780782,0.070707832,0.377619508,0.070100756,-0.07430925,0.248668951,-0.082133586,0.345852707,0.070484514,0.267076621,-0.312351426,0.062501754,0.223045167,0.37421785,0.424467672,0.405884921,0.483068475
44,-0.871744676,-0.859004312,-1.064967633,-0.751514357,-0.582738968,-0.31054731,-0.901794536,-1.042450304,-0.798381781,-0.741851359,-0.882447506,-0.834113712,-0.790775809,-0.836529164,-0.799295442,-0.807336157,-0.87980173,-0.047565994,-0.23834123,-0.298708982,-0.778537804,-0.172675517,-0.634679546,-0.077228009,-0.879497088,0.014001736,0.005191612,-0.222637097,-0.910657891,-0.222114522,-0.144726172,0.075532558,-0.524619867,-0.417147919,-0.362052942,-0.413988496,-0.398667746
45,-0.038416783,-0.097644095,0.472680268,-0.444709176,-0.520195111,-0.102350846,-0.101481296,-0.13735311,0.135721837,-0.039250954,0.501194599,0.004282496,0.55419515,0.310601261,-0.419645982,0.077935078,-0.187506237,0.139655202,-0.202068287,0.232953332,-0.372522277,-0.149313525,-0.270272505,0.069097697,0.309601724,0.104828741,0.129706517,-0.009176346,0.097876781,0.042958029,0.208306883,0.036977398,-0.115298208,0.065499738,-0.074082116,-0.100666354,0.045489194
46,0.657584043,0.112633116,0.423289962,-0.293192631,-0.061753108,-0.140882758,0.257111362,0.469448137,0.350460782,0.01598587,0.101039123,0.610886859,-0.158293631,-0.096035077,0.31055603,-0.207291343,0.285393353,0.414246699,0.577550924,0.414022836,-0.040545911,-0.036783837,0.211763243,-0.011999775,0.284231774,0.092340009,-0.121006627,0.145620743,0.162929222,0.268209913,-0.348780069,-0.038939685,0.085920585,0.290438509,0.29025148,0.283760198,0.420913205
47,0.122476025,-0.019737185,0.288159036,0.101120367,0.048360957,-0.080196351,0.160614167,0.27228644,0.368755185,0.347923587,0.578857044,0.489327527,-0.589898356,0.560986409,0.743321003,0.62315394,-0.102068586,0.139453654,0.230264361,0.156839103,0.170446484,0.159770958,0.240537249,0.115674165,0.064103697,0.062461806,8.25E-05,-0.056879599,0.136480397,0.355703035,0.168463738,0.417544186,0.046038679,0.367654432,0.382616754,0.364926651,0.388013468
48,-0.200876494,-0.068453524,-0.789656183,-0.329396399,-0.12914619,-0.177783322,0.335144418,-0.6378635,-0.055193469,0.070194972,-0.056720532,-0.510527594,0.789957056,-0.097968441,0.276645321,0.144396925,-0.078112236,-0.507324944,0.089273694,-0.282726903,-0.063302682,-0.384502925,0.08295362,-0.652013223,-0.162680552,-0.017265105,-0.518773884,-0.561295504,-0.189120638,-0.323703397,-0.339916683,-0.069351474,-0.431272079,-0.192471798,-0.265467148,-0.136885949,-0.310193482
50,-0.173578608,-0.073820491,0.010183243,0.104978865,-0.168098911,-0.397906789,0.334087941,0.009968603,0.389794203,0.190972823,0.143208853,0.091590319,-0.085326648,-0.148669215,0.011127088,-0.081722947,0.10129971,0.302266343,-0.16189659,0.22192878,-0.369922208,-0.205689467,-0.011917716,-0.169201915,0.269626212,-0.067741304,0.077232006,-0.556674678,0.312584537,0.080502685,0.039191068,0.09393891,-0.060682881,-0.189888267,-0.001623683,-0.098658481,0.094090472
51,0.086133189,0.052156052,0.080634454,0.271544071,-0.146541246,-0.052459023,0.06372291,0.016572248,-0.070691121,0.160493349,-0.171594702,-0.039525944,0.18334036,-0.463555093,-0.198553803,-0.366410344,-0.043850567,0.217322304,-0.343429114,-0.087764578,-0.170760525,0.088835296,-0.21625111,-0.617986543,0.075737367,0.04527238,-0.203543471,-0.174405466,0.149448628,0.235684786,-0.137676584,-0.135309186,-0.194811944,0.048990861,0.09634631,-0.132992122,-0.161064046
54,0.101879803,0.296585166,0.07955899,0.267036611,0.232045654,0.430114882,-0.221715491,-0.187672612,-0.102375853,-0.155753005,-0.459197416,-0.494165199,-0.183368608,-0.256707062,-0.607292301,-0.186516248,-0.004016992,0.069572422,0.041501814,-0.285208005,0.318974889,0.258789587,-0.127599464,0.044859473,0.059997925,0.288898045,0.394470752,0.218206888,0.087750638,-0.110561494,-0.214991029,-0.13731827,0.105380657,-0.169401809,-0.289542351,-0.406111243,-0.273578215
55,0.456098337,0.075533285,0.450657309,-0.090830355,0.009827502,0.091421718,-0.029874253,0.505436587,0.632719713,0.286559394,0.442348735,0.648835992,0.606346478,0.470688674,0.426698073,0.412863588,0.176383379,0.184436155,0.50093743,0.403147941,0.195767836,0.236603528,0.448774447,0.315256278,0.062492132,0.424574785,0.221241472,0.47690506,0.0052583,0.199772595,0.033832632,0.386037274,0.241484755,0.429886754,0.41191179,0.455448986,0.461705142
56,0.006079831,0.114651912,0.324518887,-0.027023151,-0.064246118,-0.020859895,0.031663977,0.24000796,0.305683696,0.253691604,0.39414428,0.424431785,-0.232700897,0.290994559,0.403855266,0.217407716,-0.01550649,0.212477817,0.334507251,0.274220172,0.177516878,0.125965886,0.381672711,0.609482349,0.095672425,0.17302949,0.100670226,0.449174045,0.147434076,0.212306689,0.070140757,0.379857665,0.057120274,0.30448828,0.31653267,0.278514377,0.26259544
57,0.721306323,0.153813861,0.417809343,-0.139621017,0.154613728,-0.119363561,0.317456766,0.717101384,0.344023619,0.160781531,0.372866199,0.600068039,0.412289237,0.130169485,0.461356576,-0.097093299,0.30999728,0.329367756,0.217274859,0.535358856,0.231996227,0.057056586,0.132745725,-0.158334375,0.357251337,0.171683993,0.096849656,0.137428717,0.348698799,0.316453385,-0.214546783,0.03518081,0.235586597,0.288886211,0.51951329,0.496474659,0.373431877
58,-0.031836789,0.148602434,-0.102281428,0.025378868,-0.238110036,0.016278073,-0.328637119,-0.089843445,0.273725391,-0.114920115,0.187219582,-0.080074733,0.954969613,-0.239077966,-0.399576828,-0.310010171,0.15870001,0.028452255,-0.117920516,0.286726422,0.000815545,-0.036720147,0.00689383,0.054955621,0.283024484,0.167398693,0.148389414,0.603926809,0.287911333,-0.021999339,-0.102067579,-0.249032156,0.131580856,-0.227016995,0.020724388,-0.184306299,0.019755911
59,-0.276785582,-0.076136274,-0.130760478,-0.000627449,0.30184699,-0.094079809,0.050357008,0.002565573,-0.119861733,-0.022381159,-0.070159166,-0.278891182,-0.181328648,-0.044290515,-0.331843059,-0.04999621,0.492700166,-0.350411103,0.050491246,-0.095617188,-0.101873942,-0.091557019,0.17658794,-0.463474021,-0.061650734,-0.102464298,-0.138088673,0.023279105,-0.188006544,-0.098573297,0.227975587,0.027773701,-0.059042484,-0.296118082,-0.365935943,-0.353998587,-0.364375321
60,0.524851156,0.073838905,0.675404454,-0.056861758,0.111529638,-0.180989042,-0.008542894,0.647039271,0.552935239,0.206099358,0.470374648,0.65612723,0.283416658,0.351030035,0.420589294,0.448987339,0.302543545,0.343036343,0.343043012,0.439357234,0.201837782,0.072900715,0.231017834,0.049491269,0.154437649,0.276157794,0.19123701,0.269621749,0.327325893,0.274969361,-0.072663807,0.38033947,0.21288646,0.570826388,0.55922591,0.569299479,0.62570429
61,0.337673079,0.382867164,0.365652134,0.625765283,0.459935098,0.579111307,0.612339918,0.439287021,0.274492744,0.495598928,0.526500802,0.447927988,0.823700007,0.612685571,0.674470841,0.761579989,0.308218835,0.141927368,-0.439546201,-0.058668768,0.661607866,0.00920894,-0.115457312,-0.406801364,0.234054123,-0.294736111,0.222910785,-0.305339071,0.533031823,-0.159360981,-0.330587346,-0.060222543,0.01313472,0.468409447,0.573936262,0.54719216,0.495430566
62,0.094463848,0.133297544,0.291282131,-0.261831855,-0.245296772,-0.265534686,-0.257891198,0.280515015,0.170645338,-0.346972978,0.13826012,0.252355273,0.522538965,-0.356596437,-0.176373546,-0.168824544,0.179477098,0.547593464,-0.350551407,0.239833685,-0.148277225,-0.028869893,0.010292034,0.152309786,0.431548191,-0.114221334,0.035672976,0.670782876,0.255380607,0.090695291,-0.084118542,-0.178712108,-0.149471253,0.051372996,0.066468272,0.092963857,0.0849034
63,-0.97412384,-0.235712553,-0.378028915,0.119164789,0.229854825,0.56386859,-0.356249692,-0.926190231,-0.679124928,0.135076139,-0.055004589,-0.196641854,-0.796529339,0.130249827,-0.308013509,0.144076502,-0.403285993,-0.131492297,0.020456984,-0.218019471,-0.105797725,0.249836668,0.141164454,0.521270846,-0.362633087,-0.671743544,-0.523467305,0.072446352,-0.034413794,-0.236654022,0.52172737,0.15355809,-0.279248934,-0.133165763,0.012130203,0.039334701,0.085366109
64,0.245772585,0.11587396,0.361879601,-0.186529367,-0.048547977,-0.120664548,0.046480572,0.397275621,0.738317492,0.174013579,0.611427163,0.597655634,0.080402875,0.526237241,0.497664551,0.683185102,0.088924771,0.026552389,0.362084344,0.349698177,0.106332851,-0.067203545,0.34737088,0.279415005,-0.003429678,0.170249657,0.078010526,0.138752882,0.011273723,0.066301464,0.158232321,0.459078472,0.172821453,0.259835005,0.401880123,0.323955412,0.404318303
65,0.418031415,0.365184093,0.564320748,-0.108257781,-0.067873558,-0.008920715,0.038074576,0.030279706,0.524281804,0.078508577,0.152339746,0.174074221,-0.495280723,-0.093061077,-0.247459191,-0.094668926,-0.119756767,0.416628238,0.037009454,0.091130616,-0.192950325,0.01316867,-0.346565349,0.110079624,0.337290005,0.157450255,0.360470596,-0.137212212,0.137936581,0.240973681,0.035568126,-0.015601411,0.192837863,-0.009478167,-0.109673951,-0.002731697,-0.164035243
66,0.315946065,0.250377523,0.080222136,0.376427884,0.24820616,0.433188819,-0.09986986,-0.026871398,-0.112556534,0.051298578,-0.495187864,-0.09584438,0.982282172,-0.199712404,-0.631975177,-0.319317201,0.155885101,0.106287481,0.007306415,0.010613368,0.045902304,0.257500015,-0.229777611,-0.224225027,0.048253378,0.294848159,0.314985915,0.459356516,-0.026122357,-0.252218767,-0.194963727,-0.463903987,0.226677907,-0.17723899,-0.220405312,-0.235220765,-0.325610117
67,0.26745914,0.173312271,0.540498361,-0.132487548,-0.063143724,-0.041199221,0.082130747,0.532541976,0.605711007,0.280227095,0.661945024,0.620069705,-0.356556047,0.282305178,0.412358918,0.277303007,0.168136028,0.484738859,0.299514279,0.306783234,0.122322147,0.254462252,0.334872919,0.371859751,0.355798988,0.193481254,0.276540022,0.468259768,0.303325112,0.384373912,-0.14406445,0.188115963,0.19857232,0.409768584,0.408641909,0.438146898,0.477443055
68,-0.315125296,-0.093239844,-0.384930327,-0.068420832,-0.297232325,-0.003716478,-0.000938363,-0.403037912,-0.040394233,0.176265617,0.051404051,-0.076282648,0.556331784,-0.127103461,-0.244875785,0.049981646,-0.174033393,-0.021923643,-0.218124589,-0.033564211,-0.327374557,-0.26838946,-0.148355852,-0.037443013,-0.186754127,-0.271160351,-0.162195101,-0.16601219,0.081150031,-0.449881032,0.171227766,-0.066602194,-0.398826549,-0.228700854,-0.175776064,-0.321408294,-0.340714603
69,0.06274976,-0.148868933,-0.164547151,-0.231141934,-0.265122411,-0.089213495,0.147689115,-0.121339794,0.073201092,0.216459526,0.186039215,0.160243299,0.775099855,-0.016759013,-0.013847425,0.283729906,-0.109695431,0.126465652,-0.0671482,0.026050447,-0.1721211,-0.444587418,-0.060711146,-0.107367599,-0.120148559,-0.203509107,-0.153740811,-0.131041441,0.094187672,-0.37973689,0.051148546,-0.046690511,-0.119023058,-0.243002054,-0.107703554,0.205603126,0.068901675
70,0.337512324,0.138316628,0.594202827,-0.130126602,-0.062884603,-0.070682585,0.104393655,0.524033594,0.590684349,0.152354659,0.67344981,0.62276602,-0.110868438,0.240817699,0.436915567,0.207084455,0.181439329,0.534648464,0.259982535,0.416261872,0.078210263,0.092725115,0.571667122,0.363661188,0.366939158,0.298690672,0.20542955,0.587016974,0.294359187,0.357762127,0.042327335,0.26063278,0.231792147,0.43161492,0.463629849,0.493815624,0.530180731
71,0.145459626,-0.065863856,0.533770996,0.039950318,0.046670116,-0.165598861,-0.137378669,0.388421761,0.071302325,-0.293207113,-0.049479312,0.098339326,0.469499198,-0.01209663,-0.226090844,-0.128148902,0.310631666,0.163860033,-0.074665253,0.124389108,0.166629351,0.10325804,0.022938201,-0.103167171,0.302903939,-0.05390186,0.200152767,0.317043953,-0.152289901,0.180172775,0.006660334,0.105056811,0.18421698,-0.286791045,-0.193254813,-0.03639247,0.043716302
72,0.281945264,0.151968081,-0.010879953,-0.21760417,0.016040105,-0.113114695,0.197749898,0.208317283,0.3921948,0.096497419,0.169194503,-0.100396655,0.56530739,0.248634218,0.339277652,0.23447459,0.44021541,-0.42361355,0.427068605,0.039550651,0.211942208,-0.209686293,0.290117726,-0.806047726,0.168451349,0.507359988,-0.044443668,-0.122908421,-0.026435221,0.028862467,-0.329620058,-0.037102267,0.256185851,0.04837594,0.122888083,0.075066198,0.176960089
73,0.363522096,0.305585264,-0.191120454,-0.023860582,0.118237239,-0.20057245,0.466466975,0.239477282,0.22742852,0.322095171,0.136395702,0.014476626,0.310666388,-0.081032671,0.264291728,0.207114531,0.481135494,-0.024319113,0.291262723,0.155191683,0.047411673,-0.244278313,0.248269094,-0.651923742,0.304012601,0.375781866,0.032772744,-0.004933305,0.319804717,-0.054510379,-0.430046019,-0.121566383,0.265654071,-0.175005495,-0.168685504,-0.071083395,-0.036439324
74,0.319656972,0.071232414,0.599064482,0.061405785,-0.171768867,-0.336217487,-0.087051978,0.544946911,0.365614242,-0.046046198,0.297589703,0.632059275,0.02638399,-0.125325628,-0.100937006,-0.095807185,0.623025857,0.350347459,0.112708254,0.626750159,-0.164173207,0.001641552,0.044680367,0.046930276,0.301774565,-0.077969385,0.005363489,0.386016454,0.110320572,0.320368895,0.017851541,0.204062805,0.278704942,0.215501316,0.326019142,0.259415602,0.388584063
75,0.547060615,0.284307956,0.559967638,0.347313628,0.253094609,0.428524504,0.485669684,0.536025279,0.237472445,0.358775263,0.287338979,0.412826537,1.144266185,0.310014693,0.64930976,0.578148237,0.337212702,0.155922156,0.34245696,-0.136930397,0.659079926,0.010712323,0.370495331,-0.170662958,0.169612666,0.178314794,0.101615446,-0.078845725,0.261844377,0.216101256,-0.351396603,0.08434672,0.242425385,0.485442963,0.536191051,0.578832262,0.530378751
76,0.129851094,0.052206406,0.08799744,0.164750589,0.239479659,0.273192735,0.107092703,0.157221562,0.170486101,0.148814724,0.126656824,0.231531016,-0.757072189,0.333280947,0.092224328,0.286262798,0.088011935,0.194566706,0.287413112,0.185735404,0.19140781,0.240221141,0.306504855,0.257314796,-0.01036611,0.290115401,0.155081992,0.117461626,0.06440378,0.100799468,0.054158523,0.134168803,0.15320078,0.064698115,0.181779823,0.03785478,0.10975342
77,0.59165233,0.086863695,0.399609062,-0.081871321,0.080602623,0.115292227,0.297375181,0.513519847,0.373294421,0.168026883,0.301291416,0.389714809,1.565387453,0.345419379,0.428820263,0.424454228,0.158237516,0.236940217,0.546773671,0.318034074,0.349780325,0.110096842,0.4391215,-0.004038616,0.083497421,0.354043875,0.069841712,0.242938948,0.112380679,0.265853126,-0.233996973,0.175135387,0.290157705,0.450432783,0.532222087,0.50318551,0.59224144
78,-0.982343014,0.079116069,0.298244753,-0.073099436,-0.035345848,0.234904085,-0.153723896,-0.334963708,0.136123594,0.48539,0.73361584,0.282510084,-0.360059958,0.241978367,-0.014670594,0.209343398,-0.160399432,0.417350632,0.210892707,0.399343616,-0.432341587,0.182778958,0.182366022,0.369401565,0.257875759,-0.411727669,-0.236009913,-0.003441199,0.069508272,-0.060846891,0.432779292,0.133035575,-0.056108972,-0.043179312,0.013209014,0.085416858,0.085699434
79,-0.030773877,-0.228198196,0.11316097,-0.64000671,-0.664549035,0.173258718,0.228384721,-0.329587874,-0.225305801,-0.053562218,0.167244559,-0.236605451,-0.045299032,0.055996147,0.037779637,0.29453815,-0.535706306,0.126957133,-0.137997755,-0.046121963,0.070265915,-0.243565516,0.200796097,-0.038368994,-0.11262437,-0.156917435,-0.14929455,0.571125355,0.278377145,0.023442068,-0.401092686,-0.129851881,-0.601215752,-0.400114937,-0.252934051,-0.269745295,-0.295847885
80,0.348725157,0.193087519,0.094299271,0.047291915,0.225148714,0.222592314,0.295544978,0.384333284,0.163867162,0.120471649,0.085494127,0.174186665,1.042814598,0.38540691,0.445633188,0.53193256,0.151750746,-0.030319219,0.456459189,0.129033217,0.493804444,0.174947259,0.283904496,-0.03758538,-0.096715451,0.359228992,0.134659043,0.635332813,0.030827426,0.253303451,-0.066806092,0.195499881,0.15041967,0.378521838,0.378313108,0.348608832,0.344626851
81,0.241317757,0.412217082,0.106520998,0.301310975,-0.001929268,-0.024520917,-0.297049562,0.135408914,0.495658524,-0.03446336,0.435441334,0.219662497,-0.621239392,-0.164049344,-0.191827798,-0.298265861,0.203567828,0.396490875,-0.314332601,0.161541623,-0.121066581,0.0082206,-0.089390877,0.106293527,0.501716794,0.088112547,0.334976222,0.247778489,0.275129357,0.010467969,0.22250935,-0.119364531,0.18767317,-0.220889972,-0.231808327,-0.218827709,-0.203898318
82,0.023646716,-0.029499742,-0.004130624,-0.084743587,0.100953473,-0.222992081,-0.075927863,-0.297362649,0.182154409,0.221062264,0.000703599,0.026991197,0.098047436,-0.090243858,0.150527517,-0.21077483,0.258618953,-0.048699635,0.24020357,0.21200574,0.11105893,0.20847694,0.123090214,-0.346229936,0.275064686,0.363865019,-0.286158816,0.16789033,-0.231880782,0.103699691,0.345801163,-0.102760969,0.126979572,-0.187291046,-0.215932089,-0.197474498,-0.12865889
83,0.501272451,0.129217547,0.496630009,-0.095979873,-0.068603485,-0.095748532,-0.051389496,0.61198092,0.32631785,-0.062282208,0.269397785,0.497349423,-0.252920133,0.060886562,0.102232964,0.054194159,0.378236237,0.416267825,0.32038328,0.565639753,-0.109100931,0.105986869,0.094949638,0.129529101,0.205854246,0.026135973,0.064757909,0.32478476,0.20202295,0.393470865,-0.012639023,0.212401799,0.197307323,0.33784093,0.416459362,0.356788305,0.394664375
84,0.453802548,0.536812588,-0.040043006,0.378276776,0.263032487,0.074738186,0.718970924,0.25247126,0.193139477,0.496101715,0.1791734,0.253428447,0.922587551,0.025902956,0.621956014,0.388957228,0.753576993,0.071522208,0.343809805,-0.22203075,0.441552372,-0.382967894,0.110326404,-0.763510026,0.415657637,0.28010052,-0.033760885,-0.316312286,0.558431681,-0.035502503,-0.695279363,-0.305207125,0.265413053,0.326562121,0.342600395,0.429946602,0.380672201
85,-0.216648173,0.018130885,0.190133095,0.030780601,-0.028622131,-0.041183748,-0.171426518,-0.056187134,0.235913028,-0.249476316,-0.024317246,-0.224436123,-0.967496538,-0.220348784,-0.510395898,-0.557663255,0.424919977,0.143440901,-0.153326991,0.001213387,-0.123280544,0.040786991,-0.207609049,-0.081486422,0.295268609,-0.065553552,0.193649587,0.430815319,-0.015169378,-0.076366485,0.22697116,-0.023022365,0.282426433,-0.135740459,-0.22690824,-0.233016775,-0.387440409
86,-0.321690035,-0.184506484,-0.41229414,-0.314487444,-0.206167729,-0.098564027,-0.167635994,-0.471267221,0.372579389,0.066255767,0.256029601,0.173374778,0.721843468,0.432848872,0.195382108,0.347727093,-0.14039044,-0.300020537,0.17389595,0.777345167,-0.234252493,-0.168565626,0.250313325,0.629973062,-0.180932717,-0.0998778,-0.236848289,0.131441974,-0.073292588,-0.249738076,0.608736727,0.649084184,0.001216532,0.078296153,0.17253662,0.071054019,0.006507446
87,0.544219231,0.189781595,0.692631476,0.306660405,0.14301962,0.045749992,0.262421159,0.536452721,0.318714711,0.406772213,0.47529918,0.556753114,0.440366577,0.236750174,0.423531344,0.449470135,-0.009649977,0.267676565,-0.056321847,0.27240384,0.362749004,0.062654803,0.095630423,-0.038004379,0.286787296,0.013033475,0.227813926,0.094889815,0.333728682,0.167925735,0.011359204,0.111116229,0.200373891,0.421186498,0.456481359,0.410075181,0.42998139
88,-0.05900685,0.152269539,0.123935835,-0.394198536,-0.39582909,0.336414063,0.429882048,-0.025842313,-0.056431238,0.300230268,0.244083944,0.145020674,-0.334737251,0.205719922,0.295445231,0.571762588,-0.307404168,0.186427629,0.382640589,0.127098339,0.360075461,0.154565669,0.477318249,0.350158781,0.070093886,-0.015940666,0.016583768,0.326350995,0.522286405,0.251155739,-0.397911538,-0.240716322,-0.355672272,-0.170125965,-0.144336155,-0.157907363,-0.152957123
89,-0.056301938,-0.067357166,-0.241152951,-0.282998345,-0.374457004,-0.136487881,0.074914033,-0.225566279,0.297560527,-0.14083034,0.306073889,-0.438805962,0.644347862,-0.121375582,-0.127261096,-0.041715138,0.124087452,-0.205632687,-0.149479367,-0.065932464,-0.150902047,-0.255043829,-0.070242294,-0.379834061,0.234071766,0.163511746,-0.112989734,-0.829251882,0.037942813,-0.228958535,-0.248070903,-0.12506012,-0.081513956,-0.207085372,-0.213357366,-0.218891338,-0.236489788
90,0.153382685,0.157631793,0.498344077,0.348235346,0.33547132,-0.100620324,-0.275528862,0.487470737,-0.049594328,-0.167926802,-0.089824165,0.345229637,-1.815934226,-0.15511561,-0.37532418,-0.414213644,0.282689304,0.372362214,-0.117036824,-0.084257152,-0.060429645,0.413070218,-0.240908546,0.151199682,0.221961692,0.081371394,0.460316793,0.397390487,0.071607485,0.317670884,0.034380807,0.042996798,0.484665825,-0.067117382,-0.080192521,-0.03640957,-0.025602806
91,-0.503801458,-0.184671834,-0.310483645,-0.051463113,-0.048330544,-0.014994116,0.026078417,0.253477705,-0.329083275,0.014437179,-0.363216236,-0.176707531,0.159772511,-0.339415473,-0.697220815,-0.064357767,-0.116545116,-0.395901323,-0.85279645,-0.739605237,0.16282698,-1.136379248,-0.474660423,-1.130864602,0.038628536,0.529996973,0.230066449,-1.05517277,0.029687303,-0.206052662,-0.277111078,0.124155379,-0.210316724,-0.117870872,-0.028253311,-0.099257268,-0.0769048
92,0.337667657,0.147696241,0.353963082,0.300087509,0.056943626,0.332804392,-0.129246182,0.089460579,0.247502584,-0.050458776,0.114294186,0.098956775,-1.045233011,0.120732017,-0.099684552,-0.022921478,-0.031746332,0.284002811,0.111958951,0.081255502,0.120942529,0.247443497,0.24770929,0.353735136,0.103822158,0.19176384,0.309138405,0.047406337,0.040134609,0.09259089,0.207764672,-0.152197689,0.133213303,-0.010974946,-0.054961861,-0.064423184,-0.114358165
93,0.43337186,0.065144267,0.427587754,-0.129907645,-0.047329517,-0.041047333,0.023745741,0.445287784,0.58900329,0.346601452,0.538378744,0.644836739,0.54973627,0.532002216,0.565972999,0.469340348,0.040550172,0.182135262,0.547920371,0.498087279,0.176751067,0.109307596,0.500842957,0.32198481,0.00407032,0.269340395,0.037115719,0.288325703,-0.008966627,0.21503911,0.051403251,0.416398704,0.222193487,0.41360325,0.460823407,0.46219634,0.519774137
94,-0.059632464,-0.038806337,0.016828834,0.044136648,0.063977271,0.035187925,-0.030329826,-0.085400907,-0.040373796,0.020067444,-0.023145159,-0.042716123,-0.147282478,0.003407457,-0.140311187,-0.025265427,0.010986791,-0.013591807,0.010731289,-0.047060601,0.07140238,0.003879861,-0.038570652,0.136226934,-0.063967166,-0.040681472,0.033184081,0.0900019,-0.012445304,-0.075639814,0.068112406,-0.024379147,0.197136122,0.212599534,0.21011014,0.156339664,0.147198538
95,0.313232901,0.215974072,-0.200209535,-0.055274652,0.19201725,-0.102870945,0.536833856,0.161942871,0.375645379,0.04894136,0.062358144,-0.190486605,1.04965195,-0.007996958,0.302085498,0.299752787,0.3081641,-0.209165802,0.197835042,-0.048015061,0.157304491,-0.249778185,0.185012436,-0.906856222,0.275051948,0.216748591,-0.010815749,-0.314602107,0.089113678,-0.050572944,-0.559750774,-0.072701451,0.142512807,-0.119271526,-0.010754589,0.083572298,0.140866229
96,0.64143042,0.347267206,0.764664452,0.232304918,0.291675147,0.126434853,0.266500224,0.630709556,0.585680855,0.051894991,0.413246814,0.513297075,-0.083649501,0.172404892,0.31649832,0.226279028,0.3677604,0.447667779,0.255087728,0.313937153,0.396452529,0.354121909,0.354551948,0.357452106,0.354626819,0.507342831,0.417236027,0.541211312,0.331168535,0.430284718,0.15349599,0.254066154,0.319546102,0.426042064,0.458391336,0.434775414,0.502134382
97,0.123046105,0.223960227,0.158356812,0.325082083,0.345390943,0.029047107,-0.280624729,0.086966603,-0.00430796,-0.108235206,-0.191400948,-0.0748924,-0.58447973,-0.162288691,-0.377625093,-0.117694243,0.349719879,0.045647841,0.062852067,-0.043100253,-0.105022882,0.152389678,-0.011830999,0.301559191,0.137525572,-0.155778003,0.328439966,0.335416746,-0.016282432,-0.06607073,0.126197368,0.002668611,0.411154567,0.172426887,0.176492844,0.193260319,0.217548019
98,-0.192716669,0.008871874,-0.150217511,0.275310731,0.100251177,0.115845469,-0.121136838,-0.30742011,0.151776973,0.136311251,0.265381283,0.253563276,-1.674875441,0.387094219,0.514773988,0.064721249,-0.22767752,0.261149085,0.038836931,0.422438025,-0.148056396,0.308816976,-0.154166962,0.612483277,-0.047786098,-0.72637386,-0.191459005,-0.498269212,0.105016018,-0.219070244,0.462726025,0.447338028,-0.172757717,0.21076895,0.266297775,0.190697133,0.176592352
99,0.335295776,0.259412206,0.670540945,0.010941318,0.131736887,0.14014381,-0.085315327,0.402414301,0.417847001,-0.038179759,0.270326631,0.159490719,-1.135843015,0.357967961,0.17211615,0.038123579,-0.070419465,0.254454941,-0.011647461,0.056940995,-0.050937558,0.396513746,0.003899242,0.145007143,0.305203153,0.418054128,0.431138981,0.301906856,-0.00244187,0.372761804,0.289057461,0.344913792,0.240682785,-0.120907589,-0.047483468,-0.038661314,0.057008817
100,0.201740492,0.134047743,0.244753246,0.329627534,0.18283922,0.012258473,-0.077196835,0.009089125,0.338520198,0.200314247,0.426396972,0.430548759,-2.278186989,0.369684945,0.553964393,0.112291312,0.06985422,0.324087266,0.178154792,0.493846774,-0.093107614,0.348833653,-0.023426434,0.475607648,0.129043472,-0.448436475,-0.050138413,-0.248559165,0.210518761,-0.017401179,0.350978714,0.387917204,0.166656543,0.280699555,0.288100208,0.273292234,0.271154079
101,-0.095128652,0.088993612,0.168483001,-0.353187905,-0.369862995,0.449443903,0.478714889,-0.007460266,-0.068433733,0.205688111,0.308093774,0.089964527,-0.732531001,0.425158959,0.445212785,0.657503405,-0.208780638,0.105626878,0.389053848,0.196962286,0.485818873,0.214247427,0.652019174,0.292886967,0.059115118,-0.205963873,-0.002491976,0.130850184,0.41004211,0.441530755,-0.276797781,-0.090030541,-0.376914832,-0.260696618,-0.226068095,-0.105194572,-0.024542774
102,0.354770221,0.52050677,0.341242059,0.424140803,0.36061943,0.350530714,0.05086281,-0.243614767,0.092003577,0.316914153,0.372326087,0.231759836,0.209428374,0.251680822,-0.058120131,-0.030258764,0.094462645,0.326137574,0.421218653,0.269523512,0.328103131,0.408961619,0.135469946,0.149598619,0.342694228,0.32780014,0.454084254,0.401910796,0.480618043,0.351763005,0.262992215,-0.024887882,0.331241209,0.544908669,0.412042929,0.164170379,-0.112059435
103,0.48673797,0.317980914,-0.030809331,-0.111205826,0.18768329,-0.351450825,0.554915507,0.348844056,0.406267755,0.198153895,0.204820348,-0.123577951,0.847843114,-0.03981415,0.334940627,0.207181414,0.645701952,-0.042324324,0.318977866,0.034572487,0.184276544,-0.183272626,0.266993879,-0.899628648,0.452324455,0.551906884,0.194198927,-0.327159789,0.1688387,0.110537764,-0.347892745,-0.01586058,0.445264075,-0.060576451,-0.032103693,0.071830842,0.131528857
104,-0.083105548,-0.040175173,-0.296215244,-0.191439176,-0.133140731,0.250114371,0.297787732,-0.131604809,-0.33424351,-0.045109689,-0.035685795,-0.24562671,1.29148648,0.003182726,-0.121843325,-0.000521793,-0.068678316,-0.147241764,-0.034348998,-0.04118725,0.172001285,0.062109936,0.151127201,-0.302979104,-0.154003479,0.158929837,-0.25810563,0.023378785,0.114380714,-0.008727929,-0.314273303,-0.113083111,-0.16147051,-0.005088839,0.291521236,0.057229113,0.357103938
105,0.278967299,0.122700778,-0.02593186,-0.091233688,0.065663006,-0.253319661,0.408546911,0.361716229,0.327663798,0.036896572,0.083281061,0.091230315,1.083429695,0.050978606,0.33846333,0.259072931,0.249993654,0.000111461,0.200417143,0.129945356,0.114268797,-0.238962627,0.235667779,-0.616227028,0.271642232,0.279650334,-0.014235597,-0.129048577,0.206506498,0.086415557,-0.353747055,0.083409031,0.339502557,0.082018538,0.167676915,0.249697134,0.292023145
106,0.088344256,-0.220424337,-0.042847205,-0.181526379,0.000387524,-0.25306182,-0.131851745,0.073637822,0.486152355,0.324351318,0.579123112,0.506934724,0.081329936,0.630880658,0.768467385,0.76224014,-0.175491831,-0.111128309,0.354028354,0.240343934,0.082258264,0.01349335,0.327409547,-0.05743279,-0.285461688,-0.090607256,-0.224736775,-0.136530154,-0.19711913,0.087819631,-0.037563216,0.244532827,-0.021623037,0.244385133,0.282072431,0.280672403,0.246657815
107,-0.00197362,-0.075444971,-0.188889707,-0.024670271,0.103799927,0.01985292,0.024210124,0.064708388,0.103843262,0.117756088,0.081084631,0.55557471,-0.792526243,0.395613437,0.204838059,0.271456539,0.072724943,0.371721146,0.309429299,0.016563781,0.315292213,0.15598129,0.176975955,0.035677453,0.130629481,0.363306077,-0.17478392,-0.073984548,-0.143196271,-0.122357666,0.023892739,0.369165547,-0.014205123,-0.024900728,0.182782541,-0.228784962,-0.043293997
108,0.285131629,0.226083922,-0.089179934,-0.01279213,0.342278534,-0.061067477,0.427027041,0.252555457,0.387004937,0.106823586,-0.046249461,-0.118483654,0.80151423,-0.029919087,0.137531396,0.194829631,0.281240831,-0.313675493,0.13985641,-0.073357319,0.134959868,-0.226201849,0.155688746,-0.795217244,0.208717378,0.192445041,0.095674826,-0.19579681,-0.026466812,-0.107658661,-0.434989547,-0.112420853,0.255709831,-0.277105727,-0.210670232,-0.08986478,-0.067326632
109,-0.183691347,-0.271484106,0.067035728,-0.433803625,-0.561675215,0.103145677,0.149573227,-0.366649371,-0.247119905,-0.064573932,0.140769771,-0.341415865,0.232854207,-0.082604796,-0.010697685,0.149599657,-0.326205268,0.100448414,-0.191801702,-0.084375667,0.033110024,-0.178836936,0.108162473,0.097694636,-0.133264707,-0.306979734,-0.216206305,0.410619374,0.28854834,0.026797489,-0.090862262,-0.011846919,-0.538478957,-0.326854564,-0.226982753,-0.299196983,-0.283517374
110,-0.427061995,-0.106096116,-0.524152466,-0.223776223,-0.194674863,0.286101063,-0.470053516,-0.617104897,-0.368591776,-0.21392004,-0.409243919,-0.23928111,-0.517106436,-0.22246796,-0.524831041,-0.114582754,-0.373380953,0.717804193,-0.299769467,-0.15635063,-0.253486862,-0.482361849,0.217309256,0.215825882,-0.284267311,-0.388932087,-0.166435758,-0.155755763,-0.39412796,-0.292157416,-0.214425654,-0.330058731,-0.400491001,-0.159428319,-0.005353783,0.030162203,0.093863939
111,0.10536954,0.187776691,-0.060543627,-0.129201737,-0.063068178,0.123574012,-0.057494255,-0.15653888,0.002581534,-0.136844466,-0.084364694,0.152887843,-0.454127472,0.132102028,-0.240931511,0.041405846,-0.137474215,0.007121895,0.101869936,-0.160819021,-0.018202531,0.223753949,0.058318699,0.239544422,-0.08148554,0.135251411,0.067693195,-0.135256961,-0.082327095,-0.209438868,0.043439355,-0.061653087,-0.052675842,-0.10930726,-0.358711925,-0.284475117,-0.134579833
112,0.333171879,0.34106292,0.097256174,0.472227137,0.505026309,0.438391793,0.111136121,0.078740388,-0.114063515,-0.058043271,-0.195859188,-0.133758802,0.326508456,-0.097069019,-0.139587379,0.155659259,0.185724846,0.044269726,0.048269192,-0.13442378,0.428041168,0.547868078,0.171615213,0.008871361,-0.156041769,0.182024046,0.212530308,0.32303852,0.264217549,0.123173063,0.088958126,-0.078781323,0.085605222,-0.014329694,0.106758611,0.038096752,0.033862548
113,0.493430463,0.458410188,0.32411181,0.63693266,0.439096982,0.367179872,0.448092469,0.266090197,0.059890173,0.197570883,0.350208517,0.42498468,0.369392771,0.379561883,0.500975016,0.342545657,0.213231166,0.303854478,0.495748427,0.264211414,0.481010339,0.360441748,0.254565248,0.570923462,0.329668722,0.323690002,0.680289047,0.409148887,0.438356935,0.390504289,0.521254334,0.356650661,0.357611479,0.450359118,0.456610469,0.442401004,0.46776093
114,0.11488829,-0.109465283,0.187279884,-0.184415986,-0.180435912,-0.234252552,-0.112107931,0.180735025,0.125915335,-0.242976996,-0.099708992,0.059491773,-0.183382628,-0.175118364,-0.159455054,-0.099279047,0.053454891,0.018166894,0.00945406,0.022493338,-0.327532158,-0.194719156,-0.050306458,-0.401301693,-0.238528188,-0.058424768,-0.159125654,-0.053326915,0.001904389,-0.147362679,-0.076697383,0.044020281,-0.274690078,0.04006971,-0.055069953,0.091039633,0.101386847
115,0.177040401,0.140435288,-0.14120476,-0.199911554,0.090538434,-0.183753769,0.521428239,0.182856039,0.127357691,-0.004202786,0.102197289,-0.154689051,1.217032529,0.070016035,0.445418559,0.293180418,0.390276716,-0.197316798,0.148890554,-0.026164458,0.191484335,-0.228003233,0.138077727,-0.72630781,0.146423409,0.30773642,-0.102146982,-0.008878261,0.119456921,0.20274866,-0.405219291,0.041470769,0.017130717,0.201190451,0.215366647,0.211530734,0.213307381
116,-0.030152348,-0.038005448,-0.35291015,-0.292228004,-0.07447568,-0.12109373,0.208635046,-0.257831374,0.074394535,-0.115971719,-0.18935147,-0.562144391,0.77603996,-0.187934792,0.042122546,-0.087044103,0.105053796,-0.205027372,-0.022285346,-0.351613114,0.053534206,-0.231782791,0.025921703,-0.688039341,0.161586935,0.21668207,-0.173467436,-0.312378339,-0.227206149,-0.273148219,-0.447422419,-0.197035843,-0.117960687,-0.357223909,-0.153975592,-0.317558272,-0.362761999
117,0.000641371,0.104865011,-0.196560739,-0.224916746,0.142765987,0.036602948,0.503219428,0.058994519,-0.039878275,-0.108012525,-0.136433442,-0.376417166,0.915138781,-0.234514569,-0.016491414,0.13079021,0.327402747,-0.079020513,0.02822502,-0.263639695,0.08378002,-0.232155002,0.129084631,-0.923926025,0.206183588,0.067318953,-0.018058047,-0.217998876,0.109497126,-0.047539999,-0.504083561,-0.143463138,-0.003203709,-0.303112043,-0.300515875,-0.063039962,-0.082318994
118,0.477170414,0.252003875,0.167615822,0.442007166,0.425867335,1.035015,0.33686112,0.23971017,0.220147128,0.157846965,0.159611458,0.283331747,1.057816957,0.764710158,0.610790725,0.502915145,0.188590681,0.480687454,-0.022476974,0.169172335,0.617131178,0.270673426,0.281305356,0.357001932,-0.057996397,-0.376019864,0.114086844,0.070022576,0.196809363,-0.131080448,-0.215655108,-0.16516799,0.226065447,0.510431071,0.53848634,0.573698627,0.585223112
119,0.645503458,0.259668987,0.788155495,0.376978173,0.229998154,0.139336538,0.238458948,0.456415779,0.314435299,0.204557961,0.339486,0.422381999,0.122534166,0.101072766,0.207695622,0.130486041,0.037219022,0.393500042,-0.189451637,0.189227913,0.44837546,0.097624448,0.057266138,-0.048334585,0.455653363,0.206397703,0.421255855,0.090043317,0.304744017,0.159935078,-0.14464583,0.108811929,0.40010497,0.269987989,0.334598272,0.307749229,0.317379011
120,0.084831939,0.052650022,0.112130935,0.339541227,0.271002512,0.160303688,-0.210058932,-0.015154995,-0.041735338,-0.061992904,-0.076371624,0.056716203,-0.469031093,0.07165736,-0.242322026,-0.11157507,0.146753183,0.150681634,0.014876313,-0.009655394,-0.003353242,0.098244647,-0.150674587,0.340410063,0.057287,-0.394574958,0.151876702,0.319615701,0.003569091,-0.054188813,0.113743732,-0.004582056,0.315056528,0.202463048,0.225799625,0.234783863,0.233401524
121,0.411633438,0.327080439,0.521576105,0.267676061,0.135477155,0.121558066,-0.109382973,0.135761382,0.332366538,0.180838064,0.356601811,0.378557644,-0.999839034,-0.017172431,-0.137290284,-0.070727108,0.14892109,0.300734677,-0.069498271,0.395946031,-0.1913312,0.28660241,-0.103694323,0.11840603,0.170928337,0.323549853,0.282632969,0.138026793,0.347443576,-0.03500805,0.224933944,-0.032453973,0.158894429,-0.197798818,-0.138942424,-0.162525004,-0.150179445
122,-0.084322691,-0.179550064,-0.14805763,0.130210235,-0.025589939,-0.133981818,-0.320148344,-0.211777039,0.210491565,0.287022376,0.023402028,-0.233818324,-0.020395862,-0.082538294,-0.08172659,-0.002124675,-0.166826717,-0.124052029,0.15276729,0.20986329,-0.022549595,0.01235716,-0.069521377,-0.311718052,-0.075756675,0.233355866,0.195607556,-0.090576014,-0.027451771,-0.004219741,-0.06373482,-0.18144665,0.005946192,-0.273907861,-0.085251908,-0.06959366,-0.199289652
123,-0.044123294,0.043560585,0.007429006,0.082440744,0.046856626,0.08056647,-0.048448071,-0.083274958,-0.048925338,-0.042602913,0.017385488,-0.009940436,-0.141424118,-0.031228344,-0.080171498,-0.016905196,-0.003255253,0.062191057,0.021026786,0.005055245,0.034424893,0.028865254,0.004810036,0.09187901,-0.017827594,-0.008904323,0.019155894,0.04038985,0.008707283,-0.013930576,0.080055406,0.062137203,0.149643367,0.132347972,0.176429708,0.167108225,0.172825936
124,0.304719153,0.143195998,0.000699873,-0.135676634,-0.037299369,-0.320535411,0.553621173,0.372369347,0.277783158,0.037612889,0.250169531,-0.061862522,1.388962802,-0.085853475,0.247230643,0.064145673,0.500666289,-0.110740423,0.153245482,0.080909788,0.127448117,-0.074356061,0.082812093,-0.813795892,0.281620829,0.292388386,-0.018383477,-0.110274487,0.210351461,0.098891654,-0.502735458,-0.187455904,0.301202163,0.103217516,0.144620679,0.078253946,0.388272217
125,0.240595936,0.302132553,0.443895664,0.579161907,0.28026372,0.290268977,0.433810128,0.554125572,0.291769049,0.511706399,0.414368082,0.598290735,0.456323224,0.512841056,0.585087359,0.483858254,0.417388717,0.115726603,-0.591952596,-0.046259493,0.544814918,-0.069833914,-0.186593772,-0.496026781,0.357520433,-0.248707464,0.269341561,-0.322579718,0.359948221,-0.101130301,-0.398709061,-0.119319164,0.162756565,0.343335846,0.451654059,0.450260706,0.53458867
126,0.335229736,0.37020588,0.427720557,0.543756057,0.295264697,0.46433519,0.433919817,0.350678727,0.364757576,0.49696601,0.554683089,0.578674958,0.585548379,0.48763053,0.481950751,0.587218172,0.308027783,0.169918179,-0.397160843,-0.086377643,0.485214493,-0.141150214,-0.102134778,-0.645640034,0.385759245,-0.268588009,0.251684655,-0.361477802,0.475114481,-0.100798263,-0.50338322,-0.05156365,0.24947017,0.550228331,0.385287156,0.558975942,0.512873775
127,0.42829913,0.387647472,0.713136806,0.387636085,0.486740183,-0.144745597,-0.091330817,0.726110955,0.17095014,-0.087334119,-0.023634945,0.388944112,-0.891838354,-0.127308873,-0.256908828,-0.225825258,0.579168699,0.266478387,0.012339767,0.120605042,-0.010879038,0.260154888,-0.208428436,0.007349812,0.300787734,0.163197419,0.512547198,0.635029489,0.200437397,0.279809824,-0.10666166,0.064712399,0.521058447,-0.103960829,-0.055783576,0.031057563,0.108819147
128,-0.193840698,0.063243609,-0.155295095,0.084878873,0.34932195,0.103259558,0.334630356,0.030929695,-0.102779816,-0.094596024,-0.104812755,-0.331944817,0.103297521,0.035925955,-0.056796519,0.309687839,0.377415782,-0.401258768,0.230745969,-0.221092601,0.108141497,-0.157748806,0.311167266,-0.515787772,-0.074652328,-0.045186757,-0.057849164,0.116577876,-0.055604384,0.012223801,0.105516695,0.193108063,-0.367597249,-0.401270747,-0.396700225,-0.329468067,-0.282182036
129,0.309940899,0.144810916,0.448341955,-0.103417275,-0.099839377,-0.104619648,0.048629446,0.458735458,0.363414718,0.286358818,0.448795948,0.539122826,0.230406597,0.36691316,0.344302715,0.365579292,0.066777766,0.226676608,0.241298639,0.361993057,0.221906613,0.093484234,0.1644958,0.119694406,0.297571188,0.256757814,0.065483018,0.549240911,0.186254358,0.276756109,0.055494227,0.453161006,0.214843084,0.386950885,0.368653139,0.383042972,0.413558903
130,0.044455259,0.104799784,0.654223812,0.107280218,-0.154966236,-0.370363441,-0.318326953,0.285335359,0.0753802,-0.045992944,0.039556432,0.281252051,-0.506208061,-0.324110375,-0.521410141,-0.574339354,0.321289592,0.604102892,-0.407076627,0.392945973,-0.20923043,0.247615513,-0.145592644,0.264207805,0.589055543,0.178191528,0.197237201,0.283813299,0.202403392,0.25704719,0.19968461,-0.050514631,0.325733333,-0.17264912,-0.038741433,-0.036753432,-0.061763262
131,0.237039751,0.195583003,-0.097035098,-0.028636211,0.232668772,-0.205131797,0.594870725,0.162358895,0.329891806,0.070648389,0.118337754,-0.242504049,1.21436656,-0.14404896,0.118802937,0.240769275,0.497116101,-0.26191813,0.271138276,-0.166987323,0.023990222,-0.314760433,0.139112321,-1.040855489,0.289101514,0.263720438,0.09511239,-0.076176262,0.029824302,-0.159752728,-0.516641049,-0.141965753,0.147762386,-0.185847778,-0.249762439,-0.142250057,-0.040113792
132,-0.297228613,-0.02375775,0.110776517,0.00983718,-0.160647332,-0.436110362,-0.333028299,-0.089654439,-0.197208122,-0.048176524,-0.085643931,-0.038624991,-1.01621097,-0.312927825,-0.401157191,-0.494876961,-0.284926198,0.247372546,-0.380105466,0.072207988,-0.275035817,0.047171883,-0.313805553,0.333895335,0.129055292,-0.245365074,0.027250221,0.092735547,0.037845892,0.110100117,0.370547064,-0.042412997,-0.099573038,-0.311909122,-0.24300558,-0.25811698,-0.232275605
133,-0.172615713,0.142607016,0.456571603,-0.222942922,-0.280295534,-0.364695202,0.139494221,0.41363089,-0.0113982,-0.085090436,0.273869907,0.268652252,-1.850638142,-0.281339697,-0.388279714,-0.152226055,0.011952187,0.190688169,-0.318557981,-0.207103589,0.062584883,-0.124164463,-0.179676465,-0.083801271,0.475409173,0.259525773,0.267167845,-0.720305259,0.495333056,0.407311855,0.006641053,0.06075961,-0.022638223,0.017994634,0.022489802,-0.016475375,-0.0266745
134,0.026045355,0.050135888,0.172390896,-0.02903287,-0.173920656,-0.124553541,-0.098452584,-0.18692315,0.063700617,0.029395191,0.267977185,-0.094077956,-1.001573384,-0.142954139,-0.217763091,-0.317984462,-0.16388468,0.138136233,-0.242650122,0.111989711,-0.374138486,0.008715093,-0.075741298,0.11294343,0.212172247,-0.103872797,0.056167538,-0.155324971,-0.029945601,-0.098714463,0.00389096,0.025933066,0.004888828,-0.13404328,-0.176597835,-0.182145694,-0.093235335
135,0.568517239,0.35113633,0.774076883,0.441703632,0.287430925,-0.026030725,0.112657145,0.365260957,0.364630102,0.189230161,0.316248516,0.483576099,-0.062590583,-0.183370163,0.079262929,-0.177837976,0.247457395,0.492008159,-0.372019304,0.122948628,0.324083199,0.085140268,-0.099993439,-0.235697334,0.690283326,0.376965666,0.64186521,0.183498645,0.44040581,0.153788365,-0.337815478,0.030447271,0.452043632,0.174450387,0.224142164,0.257103466,0.184087267
136,0.329211911,0.262182987,0.285908453,0.073237862,0.044593025,-0.32999548,0.082307597,0.236833324,0.525454693,0.209297438,0.297071899,0.340948169,-0.274625121,-0.154435032,0.070826417,-0.20059273,0.215310223,0.215548505,0.005356465,0.364586382,-0.224880858,-0.076038281,-0.069487356,-0.164454445,0.381009349,0.149020028,0.169457417,-0.141561149,0.236496387,0.051947098,-0.044618245,-0.064504818,0.314856621,-0.299845061,-0.282308495,-0.100247292,0.042295061
137,0.671706664,0.355728088,0.662475676,0.264164118,0.13715145,-0.117904315,0.133899231,0.380226428,0.348371132,0.176219318,0.247914547,0.412953545,0.252135107,-0.104387747,-0.02029681,-0.141114053,0.290407534,0.285983717,-0.317476263,0.093618934,0.238493019,0.03275528,-0.182672665,-0.401267288,0.708929544,0.413160994,0.718147981,0.193182084,0.382871092,0.162461342,-0.475750364,-0.185331543,0.434371972,0.163261151,0.126554673,0.11343839,0.241428445
138,0.158358307,0.182854047,0.165614741,0.144836448,0.220166946,-0.145327125,0.517628773,0.37935741,-0.002033509,0.158480147,-0.044757696,0.011497286,0.43661987,-0.205992424,-0.049337141,-0.181724476,0.47017662,0.014392553,0.133444464,0.19889649,0.185036539,0.132753838,0.053837059,-0.38339039,0.255475597,0.243313679,0.032740211,0.191652807,-0.017449647,-0.173716342,-0.311173876,-0.402295641,0.186874154,-0.19216455,-0.237049459,-0.161248967,-0.050511725
139,0.157539919,0.249615325,-0.250257151,-0.16834694,0.112461769,-0.218710864,0.300109928,0.077210342,0.139032396,0.260283835,-0.022528103,-0.126663803,0.059451299,-0.166809924,0.020634945,0.064475124,0.285093121,-0.074484565,0.16984235,0.001174841,-0.082320041,-0.211157121,0.198551414,-0.567132825,0.224099749,0.40250969,0.071675839,0.022534472,0.246506322,-0.151710455,-0.277740259,-0.080496107,0.099205492,-0.319618763,-0.2783683,-0.310121726,-0.266608647
140,0.160053129,-0.007154405,-0.020853865,0.175444511,0.14572227,0.281170798,0.097549634,-0.074965966,0.128989949,0.320033638,0.134786801,0.20695779,0.733809489,0.334996579,0.364450167,0.331889424,-0.14986171,0.083297904,0.267914235,0.352509792,0.23037951,0.18445239,0.293853638,0.197976166,-0.184767092,0.115138423,-0.105349909,0.1889206,0.062419908,0.15007403,0.297288096,0.194713504,0.016077045,0.262237922,0.335152359,0.269625081,0.195163513
141,-0.558913913,-0.261735177,-0.477523048,-0.170787686,-0.121038134,0.076030298,-0.069356705,-0.473662889,-0.252309189,0.060150538,-0.206065281,-0.319886357,0.180231766,0.043690869,-0.016759398,0.007324556,-0.338303602,-0.313019503,-0.111954601,-0.119943736,0.026516647,-0.137458023,-0.020935123,-0.057408584,-0.401567586,-0.238186359,-0.374444515,-0.22915441,-0.203762813,-0.120979613,0.21765069,0.107728374,-0.515534719,-0.068303265,-0.040448743,-0.172728481,-0.236385705
142,-0.393705166,-0.172094933,-0.224386139,0.043241437,0.015626849,0.114477743,-0.260043294,-0.29398767,-0.183071053,-0.025335827,-0.109472624,-0.039744877,-0.254284019,-0.016135364,-0.405266809,-0.174946974,-0.331570699,-0.316974031,-0.154604649,-0.273347796,0.02646482,-0.052386346,-0.303972064,0.020818787,-0.14945512,-0.138586277,-0.14162144,0.096631836,-0.087693742,-0.024998601,0.028139445,0.116220987,-0.211976954,-0.075931013,-0.03967151,-0.297607702,-0.268231874
143,-0.26183176,0.062833894,-0.245469551,-0.074592807,-0.134311961,0.01552386,0.245579552,-0.069822196,-0.184196813,-0.082779799,-0.126337184,-0.281526385,-0.001683438,-0.034085029,0.116568467,-0.068831883,-0.003760256,0.042062955,-0.308059491,0.060290458,0.162060839,-0.014661284,-0.106121415,-0.176241289,-0.119948684,-0.080244813,0.024862959,-0.097482323,0.170924279,0.039341768,0.034219139,0.015557539,-0.421742689,0.019538561,0.015671294,-0.073336863,-0.245210521
144,-0.115631425,-0.08487655,-0.11241901,-0.081704393,0.030685851,0.201602327,-0.038066127,-0.103944493,-0.076844557,0.083061395,0.025932967,0.036666404,0.191548953,0.282854794,0.102369792,0.188858304,-0.224946486,-0.018292979,0.126077607,0.076778616,0.170181302,0.122228936,0.147719771,0.191152275,-0.262602732,-0.042331492,-0.143419026,0.068054459,-0.124256846,0.022273276,0.079254874,0.143971709,-0.194575153,0.12874672,0.159023676,0.034722669,-0.014680024
145,-0.263858135,-0.064321386,-0.135798552,0.016503713,-0.021595742,0.11453915,-0.24562489,-0.21194999,-0.254983965,-0.209243364,-0.244524551,-0.276205729,-0.805849717,-0.17971774,-0.38360754,-0.222867379,-0.112881616,-0.040168067,-0.207120925,-0.233274714,-0.112894219,0.003293606,-0.220416545,0.111687019,-0.159519173,-0.204748423,-0.028105823,0.015798524,-0.132440656,-0.131335664,0.082242379,-0.042609269,-0.134156123,-0.181290851,-0.239816878,-0.311061137,-0.363220429
