"Based on noiseRem,RT,Repeat Rem",Hip25,Hip17,Hip28,Hip19,Hip18,Hip20,Hip27,Hip26,Hip30,Hip24,Hip23,Hip22,Hip32,Hip31,Hip21,Hip29,Hip13,Hip5,Hip10,Hip9,Hip1,Hip2,Hip6,Hip14,Hip8,Hip11,Hip3,Hip16,Hip4,Hip15,Hip12,Hip7,QC HIP1,QC HIP 2,QC HIP3,QC HIP 4,QC HIP 5
Accepted Compounds,Hip-FCI,Hip-FCI,Hip-FCI,Hip-FCI,Hip-FCI,Hip-FCI,Hip-FCI,Hip-FCI,Hip-FCS,Hip-FCS,Hip-FCS,Hip-FCS,Hip-FCS,Hip-FCS,Hip-FCS,Hip-FCS,Hip-NOI,Hip-NOI,Hip-NOI,Hip-NOI,Hip-NOI,Hip-NOI,Hip-NOI,Hip-NOI,Hip-NOS,Hip-NOS,Hip-NOS,Hip-NOS,Hip-NOS,Hip-NOS,Hip-NOS,Hip-NOS,QCHip,QCHip,QCHip,QCHip,QCHip
1,-0.491120013,-0.319319228,-0.150083195,-0.024778337,-0.022638373,-0.38071428,-0.22947977,-0.070785007,0.301605909,-0.342690953,0.569132505,0.513309816,0.100437555,-0.038603608,0.488090279,-0.271150551,-0.6879328,0.494106426,-0.014501217,-0.016811116,0.315003593,0.160144924,0.551589521,-0.352758467,-0.704114737,-0.716656234,0.349504036,-0.026962245,0.267106017,0.222840455,0.095591145,0.195596784,-0.147050927,-0.003974709,-0.144420596,-0.304340661,-0.253565932
2,-0.073568364,-0.24160446,0.179113326,0.982871976,0.014748745,0.448706399,0.521259791,0.123922459,0.112180838,0.353877582,0.096183335,0.104798701,0.165774001,0.377672628,0.788736507,0.310671289,-0.76078021,0.328729787,-0.14907007,0.091603977,0.054179326,-0.262517071,0.376716407,0.34977026,-0.210138784,-0.227884271,0.154529406,-0.067913831,-0.086493494,0.160616537,0.059307375,0.018240637,0.05689625,0.365300441,0.422484546,0.348468255,0.221612393
3,0.162858937,0.768266343,0.2082378,0.13073306,0.115595572,0.061950771,-0.400118221,0.107015771,0.08357111,0.189488205,0.080222466,0.035067468,0.234789786,-0.449701019,-0.372880375,0.044586291,0.072737445,0.083288069,0.500669545,0.200602203,0.109233805,-0.051489619,-0.018724184,-0.082979639,0.267531199,0.340854038,-0.094760573,0.39918717,-0.104091612,-0.328837748,-0.003167861,0.308292248,0.048606036,-0.126809606,-0.314533626,-0.375002508,-0.379427776
4,0.398509671,0.239452413,0.228179578,-1.234597184,0.463965589,0.759178593,-0.397147185,0.363504573,-0.030348768,0.168371584,-0.008042069,-0.043551279,-0.378368278,-0.307386571,-1.125400294,0.07157514,0.065710936,0.759654925,0.182432492,0.305371729,0.16903105,0.16174644,-0.180402223,0.36660169,0.561901629,0.334236164,0.033761374,0.414596381,0.672533443,0.092914252,0.737481634,0.186953671,0.047021334,-0.250945433,-0.269087581,-0.251500159,-0.072476428
5,-0.224743493,0.049310515,0.308835087,0.575482606,0.321847224,0.25493659,0.603240853,0.200266861,0.116018859,0.165566986,0.047678192,0.238066209,0.139571386,0.403422029,0.346685987,0.129033872,-0.095675594,0.054500717,0.027965063,0.144016453,0.394250748,0.075604088,0.451218936,0.398789839,-0.497699847,-0.112013009,0.096787948,0.126051831,-0.201772011,0.614313387,0.183375863,0.086720823,0.044336597,0.231025433,0.258592588,0.267355849,0.236318169
6,-0.195570928,-0.302576197,0.076316405,0.085395331,-0.183320242,-0.652897265,-0.382667535,0.014893886,-0.48057682,-0.396456809,-0.287304634,-0.247975775,-0.015807496,-0.256864734,0.30946695,0.016029291,-0.50317099,-0.766967294,-0.072606031,-0.007584824,-0.182388084,-0.210121409,0.101130468,-0.316402501,-0.372439598,-0.451780778,-0.180684811,-0.173279525,-0.300012342,-0.183696745,-0.081670629,-0.047825152,-0.189513856,0.091628658,0.252833082,0.205587438,0.128338407
7,0.20069079,0.2620818,-0.114853112,-0.901911508,0.402601768,0.317917333,-0.548714447,0.058526689,-0.102448497,0.141669077,0.042455411,0.041731084,-0.349219757,-0.310748758,-1.231566729,-0.096667067,0.224378799,0.676915296,0.268870362,0.214289147,0.659791228,0.579636256,-0.097530658,-0.051628366,0.500832883,0.230795417,0.365767702,0.39970742,0.719672637,-0.27014271,0.404495482,-0.280126745,-0.198780159,-0.352352237,-0.390825787,-0.471286412,-0.611547971
8,-0.067500289,-0.165514964,-0.356672807,-1.902578375,-0.144061569,-0.238501832,-1.099586784,-0.124561094,-0.301281529,0.221531282,0.199006157,-0.507701028,-0.227594088,-0.478948693,-1.273186287,0.194590314,-0.022849576,0.119567864,0.009010113,-0.177214716,0.062098297,-0.024883279,-0.027514001,-0.264771994,-0.003804861,-0.134184429,0.176686792,-0.132455509,0.810342346,-0.78528669,0.184097647,-0.327167543,-0.068202532,0.019757966,-0.064279061,0.02274197,0.003522208
9,-0.046492492,0.180696882,0.037807482,0.069369855,-0.142679817,0.069475422,0.05428733,0.198790573,0.243821772,0.324941105,0.331192858,0.29901134,0.172210143,0.169961164,0.629477088,0.007219262,-0.207924667,0.050189625,-0.047887616,-0.000981499,-0.050133145,-0.081683216,0.072678909,0.048982073,-0.081016362,0.190792902,0.146631544,0.084131869,0.001641348,-0.177511527,-0.20565222,0.152518935,0.218067233,0.026497631,0.021264387,0.075843586,-0.049748305
10,0.252379149,0.319611408,-0.105891059,-0.177899237,-0.076409891,-0.424290821,-0.894906553,0.237833312,-0.226274875,0.011463586,0.347587843,-0.094644038,-0.22119206,-0.572399811,0.35030317,-0.173030021,0.149794544,-0.401534335,0.014945562,0.119808225,-0.1170799,-0.063504152,-0.196953221,-0.323483622,0.342861333,0.538180113,0.011967992,0.087545824,-0.081175581,-0.468110354,-0.002317233,-0.143942741,-0.131607452,-0.180385591,-0.271354038,-0.359109158,-0.291040662
13,0.437060528,0.303384956,-0.07548436,-0.987698982,-0.157950714,-0.276305083,-0.62249469,-0.069463483,-0.388941963,0.063823513,0.309573793,-0.596997433,-0.334424403,-0.580095718,-0.907879297,-0.19585675,0.882442258,-0.062537268,0.433799371,0.22840539,-0.220918264,-0.021927723,-0.431651248,-0.265797164,0.752810569,0.662978041,0.180025398,0.057865996,0.360813032,-0.60066134,0.092633009,-0.375392906,-0.00992883,-0.191898326,-0.277913081,-0.284740681,-0.321697309
14,0.336132808,0.111582194,-0.082044603,-1.117341964,0.168104565,0.173771531,-0.551199175,0.024527203,-0.121153535,0.423897452,0.224218848,-0.154575228,-0.353853568,-0.464415942,-1.077876771,-0.052796429,0.197688185,0.48737563,0.288231777,0.166342213,0.315475122,0.262406619,-0.148673023,-0.179345239,0.5002136,0.262048021,0.230519447,0.164100438,0.581369007,-0.400330908,0.285838715,-0.174980722,0.044827304,-0.136990458,-0.180046196,-0.164010968,-0.276209614
15,0.259077101,0.345773452,-0.166617073,-1.259405945,0.212284052,0.136780532,-0.775427031,0.094535607,-0.096115641,0.128028538,0.175825207,-0.224935366,-0.304760451,-0.685116106,-1.043834518,0.056479782,0.491001517,0.313173828,0.337342185,0.118705819,0.096743256,0.178769516,-0.096438046,-0.179117819,0.434735956,0.370370631,0.013236716,0.296380907,0.405044554,-0.518862584,0.205494455,-0.216537052,-0.059872964,-0.25962344,-0.349642379,-0.298187091,-0.245989741
16,-0.130479721,-0.180375382,0.341890081,0.652035751,0.655956512,0.602425635,0.740663923,0.240420139,0.429388368,-0.168444209,0.077485807,0.737046162,0.151340151,0.527090293,0.239357136,0.066702547,-0.880482123,0.676894806,-0.035930541,0.361323196,0.799871781,0.619068985,0.68947309,0.362067684,-0.583096288,-0.55014014,0.419835115,0.376153617,0.077166451,0.920785888,0.513581536,0.72146622,0.198617793,0.399664033,0.372119783,0.260016681,0.171707934
17,-0.010140215,0.12429219,0.320985854,0.694084335,0.228760925,0.29613304,0.422526843,0.107803093,0.312963569,0.424350517,0.08757287,0.507218291,0.381498056,0.527840034,0.584662396,0.270456665,-0.60311738,0.418924364,0.006557655,0.13761415,0.206018422,0.072098682,0.397850506,0.249924253,-0.290314785,-0.020751047,0.389637477,0.150154212,-0.131126046,0.294369921,0.054816424,0.27187292,0.140856497,0.296324286,0.273464717,0.215249236,0.248459456
18,-0.100088154,0.035552118,-0.163485601,-0.116378356,0.491180621,0.754535187,0.340355723,0.053175715,-0.122661521,0.038601744,-0.214582073,0.316557804,-0.075414623,0.401449091,-0.518395306,-0.349931061,-0.575908753,0.805412179,-0.332200392,0.076934186,0.9673566,0.737681196,0.391399363,0.293215839,-0.171135261,-0.288353727,0.496004902,0.362631465,0.884977938,0.386423377,0.595493733,0.305313013,-0.305588892,-0.126639324,-0.124556726,-0.238742724,-0.339317812
19,0.369603858,0.214312814,-0.159967999,-1.030217225,0.381682948,0.438274361,-0.7441427,0.193743328,-0.399473452,0.034616539,-0.018346967,-0.481757064,-0.802588057,-0.671958338,-1.198795626,-0.166882111,0.173925611,0.522006132,0.22218233,0.211528241,0.044141855,-0.055393415,-0.205768262,-0.011142861,0.757988156,0.425742926,0.083570175,0.166000095,0.642703027,-0.320263176,0.499482281,0.034501228,0.01542949,-0.293132837,-0.242104296,-0.168266543,-0.166793903
20,0.377279221,0.298147521,0.117799186,-0.358010465,0.162310684,0.091258431,-0.353736837,0.236514391,-0.307616991,0.350985448,0.105501108,0.085290526,-0.321356417,-0.404008247,-0.04260551,-0.286748384,0.165637717,0.021467671,0.288205175,0.416857767,-0.031202553,0.027792713,-0.034790749,0.046308549,0.503071408,0.534903053,0.026512892,0.348861179,0.049595834,-0.057305168,0.218242746,0.004771365,0.023459206,-0.115485473,-0.387478465,-0.259658687,-0.259633411
21,0.623927667,0.184605794,0.027121339,-0.241740688,0.127356418,0.043887304,-0.042573349,0.367546747,-0.162349801,-0.279603344,-0.010541503,-0.12509196,-0.21193496,-0.313090877,-0.142720208,-0.339228415,0.381564669,0.332032872,0.247743372,0.214367452,-0.26347357,-0.053707743,-0.363077496,0.090337431,0.624393162,0.367977631,-0.063815331,0.296971993,-0.014036687,-0.048154076,0.196645287,0.052536413,0.113371183,-0.192949338,-0.301900939,-0.2356676,-0.207315969
22,0.208070532,0.105392186,-0.149600294,-0.429944667,-0.383895159,-0.193089829,-0.690706442,-0.037143488,-0.326481057,0.444705291,0.318240451,-0.053489392,-0.163862873,-0.435500424,0.201050262,-0.241779591,0.152660888,-0.527548048,0.020726559,0.028062741,-0.225848697,-0.176790703,-0.343701904,-0.271525831,0.12883392,0.394734988,0.039051209,-0.19320653,-0.046600038,-0.460165182,-0.076778484,0.025508823,-0.152573224,-0.31797384,-0.407740911,-0.462755895,-0.378172784
23,0.020589098,0.273840899,0.111540038,0.06930365,0.142415468,-0.009121795,-0.258369918,0.131757754,0.038667034,0.170282637,0.085396943,-0.200457562,-0.096212061,0.033937797,0.29937875,0.188643898,0.066596703,-0.369136655,0.064929965,0.271887161,0.145850841,0.230740094,0.0542618,0.326311171,-0.152427157,-0.064666132,0.177069497,0.154007495,-0.220110682,0.15409071,0.198744349,-0.204178041,-0.216830549,0.189478641,0.110097404,0.174536569,0.054111809
24,-0.10690535,0.004219228,0.168018264,0.160983804,0.038029755,-0.345218374,0.485417404,0.178500182,0.239414902,0.201790219,0.299482973,0.052270384,0.21924405,0.428863095,-0.001690461,-0.02994428,0.133729097,-0.242159986,0.037197726,0.087967875,0.396202999,0.433801243,0.296311738,0.06291777,-0.139114002,0.036499292,0.553861903,0.055278503,0.410120814,0.108750703,0.417609961,0.161373274,0.078456443,0.190280623,0.320305973,0.272822741,-0.05691785
25,0.142608282,0.312156496,0.116012019,0.384725959,-0.040541093,0.402474086,0.575693675,-0.109059975,0.265972852,0.256662892,-0.018663639,0.266815462,0.185226453,0.330303757,0.03855872,-0.226795454,0.397689825,0.210073742,0.114181188,0.002553088,0.023681483,0.006440128,-0.105128574,0.217179205,0.150317908,0.337968329,0.120154185,0.097571817,-0.409977979,0.282806992,-0.238046809,0.125343662,-0.215825294,-0.107425223,-0.230443241,-0.328439374,-0.35486371
26,-0.369532068,-0.26263343,-0.264631089,-0.229585925,-0.285869253,-0.106204156,-0.499183643,-0.34418114,-0.416022933,-0.270675953,-0.279865994,-0.327629564,-0.049138576,-0.326639879,0.018154224,-0.081326644,-0.178879377,-0.839733246,-0.025499517,-0.140579473,-0.281243194,-0.21935016,-0.045922398,-0.265432171,-0.435144849,-0.30827596,-0.389060496,-0.249322388,-0.253604376,-0.377091388,-0.320093956,0.007105426,-0.293315556,-0.125479893,-0.108096566,-0.138711952,-0.216136528
27,-0.361041826,-0.268776248,-0.102741932,0.379834582,-0.046361641,-0.236065123,-0.030043246,-0.018231139,-0.449039044,-0.509728314,-0.386543861,-0.307235112,0.083237949,-0.117454718,0.406751875,0.114806542,-0.543362335,-0.989231484,-0.294268843,-0.161012574,-0.166440346,-0.209386578,0.117656679,-0.138803913,-0.554730406,-0.422959963,-0.369414012,-0.165043949,-0.285727112,-0.062339631,-0.168836355,-0.098109348,-0.184782846,0.181732117,0.278188712,0.242067651,0.286601127
28,0.049550245,0.082196874,-0.071749452,-1.197285634,0.399171425,0.511133879,-0.158481775,0.275684323,0.076437114,0.148615422,0.050341331,0.164591358,-0.112241101,0.088548121,-1.014659503,-0.063047634,-0.328772562,0.762156025,-0.078055041,0.128019753,0.742233263,0.669457073,0.072643772,0.260965533,0.092939677,0.02281632,0.456892259,0.393053393,0.795980276,0.094525359,0.527899242,0.001250806,-0.161804427,-0.257589889,-0.37838082,-0.287632937,-0.273525766
29,-0.248062461,-0.051436474,-0.420974041,-0.526894455,-0.456224823,-0.745423542,-0.751074554,-0.437379057,-0.051570614,-0.441093166,0.219971669,-0.334191653,-0.327174959,-0.378032325,-0.491462051,-0.095386944,0.274759184,0.138067903,-0.139457482,-0.3362962,0.106268633,-0.056934303,-0.395192269,-0.383169385,0.213470849,0.031560518,-0.009054289,-0.563069266,-0.528855129,-0.688150554,-0.288072298,-0.575312136,-0.204098828,-0.282852225,-0.387623522,-0.384516298,-0.438178926
30,0.253143768,0.231034774,0.003171073,-0.163189052,0.108256226,-0.213006131,0.078373493,0.019787882,0.197481274,0.040706776,0.185569336,0.281207474,0.148780383,0.324634544,-0.163539624,0.381866709,-0.080833763,0.073756694,0.052157258,-0.008012348,0.312209378,0.139880797,0.196588027,0.381541177,0.060848788,0.090691771,0.280679187,0.105270109,0.485080365,0.183568911,0.295944069,0.03525846,0.098634445,0.242332578,0.243548779,0.215218392,0.318053959
31,-0.619879423,0.444316847,0.192478573,0.481082503,-0.582702952,-0.510289254,0.115621283,0.428840528,-0.202592027,0.523431839,-0.129256853,-0.437158726,0.593525083,-0.240385723,0.15663569,0.240269408,0.046044583,-0.391899546,0.144080016,0.21089397,-0.838697461,-0.675050775,-0.299172363,-0.258033517,-0.093204605,0.305672815,-0.477687287,-0.2372138,-0.590065013,-0.731252401,-0.664177518,-0.448039237,0.078661432,-0.002851554,-0.156821019,-0.087090121,-0.114985773
32,0.257928905,0.124769352,-0.053376267,-1.347900966,-0.004434946,0.073949392,-0.832436064,-0.177663249,-0.24021175,0.143963798,0.107375764,-0.383829009,-0.337488887,-0.687390598,-1.442053876,-0.041709046,0.28315568,0.343212577,0.241052089,0.100451655,0.238871747,0.183705528,-0.103230199,-0.2846202,0.388958734,0.205019708,0.109588593,0.022555382,0.344159507,-0.608527672,0.192436219,-0.231550028,-0.036889517,-0.071982628,-0.133891819,-0.207481195,-0.271982025
33,-0.110749233,-0.064177337,-0.444748515,-1.220456831,-0.433126239,-0.562897892,-0.720661946,-0.213465572,-0.31011767,-0.257125915,0.063718585,-0.45968256,0.022213809,-0.566823467,-0.557197826,-0.132871852,0.272623484,-0.530972212,-0.044528973,-0.395485939,-0.127348593,-0.074725816,-0.119359421,-0.27766792,-0.064082017,-0.024705767,-0.016318957,-0.170198763,0.334115763,-0.60095854,-0.070359255,-0.25252066,-0.244140744,-0.065652593,-0.028864437,-0.131075794,-0.125829853
34,-0.664536919,0.543088429,0.23753964,0.467766713,-0.64956473,-0.497467484,0.076852467,0.485078723,-0.167550619,0.494108643,-0.197612009,-0.513819554,0.598678739,-0.251606875,0.275275502,0.245239014,0.110474735,-0.530438515,0.138176479,0.206825717,-0.848913494,-0.683458794,-0.301805577,-0.20341799,-0.041076634,0.262369214,-0.59111658,-0.344476618,-0.634156734,-0.665282702,-0.597652717,-0.317707838,0.127041701,-0.001093105,-0.133817608,-0.039835305,-0.019689957
35,0.362230997,0.339716082,0.043310553,0.037995626,0.040374889,0.180800766,0.042620672,0.344973365,-0.047700883,-0.020262472,-0.00516169,-0.236380751,-0.159790991,-0.397090166,0.000202451,-0.401863851,0.250328967,-0.059817567,0.561810101,0.336179586,-0.135223481,-0.11885293,-0.1753726,0.324686556,0.339744793,0.537725416,-0.202142032,0.118551322,-0.102582921,0.164911539,-0.258572121,0.352281214,0.189236808,-0.099663931,-0.064826429,-0.219329062,-0.251645937
36,0.04422492,0.004381075,-0.087395965,-0.246771238,-0.141273336,0.055498721,-0.049483014,0.147077501,-0.090667688,-0.064390901,-0.377933866,-0.409192762,0.092258049,-0.275586228,-0.204848774,-0.229114815,0.097043044,-0.414733164,0.108303757,-0.10856773,-0.171964042,-0.262286799,-0.055722879,0.036663801,-0.021035728,0.122352027,-0.121377955,-0.214523932,-0.315661861,-0.192684487,0.042460958,0.146978689,-0.125902272,-0.061157667,0.027254095,-0.191755572,-0.236910948
37,0.05556309,-0.09549013,-0.158312279,-1.4102357,0.047232856,0.138344011,-0.95200066,-0.056877089,-0.509776662,-0.109705349,-0.141427293,-0.62790228,-0.418958487,-0.839178208,-1.300368859,0.062852739,0.007626927,0.035332263,0.140346391,-0.007521216,-0.043490184,-0.033946734,-0.085798909,-0.234767475,0.166746924,-0.054185281,-0.091508011,-0.011928762,0.468391387,-0.652692047,0.321212225,-0.194706735,-0.046718658,-0.038115249,-0.027504363,0.020033401,0.048234546
38,0.263543552,0.048832238,0.132646137,-0.399098091,0.419917174,0.651141925,0.044198061,0.138569034,0.141992749,0.389700138,0.077286612,0.101905391,-0.175972474,0.175557714,-0.769438677,0.147298149,-0.146988302,0.939610808,0.07262736,0.226572667,0.28497994,0.158361056,0.327951524,0.151799022,0.221325668,0.147201866,0.401192369,0.152793349,0.436483718,0.065310461,0.353908431,0.336796492,0.154472098,0.025997854,0.204087675,0.099487823,0.117662057
39,0.318690005,0.250519054,0.477272849,0.613800031,0.322634372,0.307380861,0.517045119,0.176433429,0.467764176,0.377588126,0.469199358,0.363139619,0.424383825,0.576427713,0.444903286,0.528172222,0.470562764,0.459142829,0.441713681,0.530466585,1.33096688,0.828739927,0.422230559,0.555204246,0.3277348,0.27976115,0.68057596,0.361788975,0.4131894,0.614469463,0.93429508,0.299870239,0.539117129,0.587771699,0.582960261,0.581014466,0.550041525
40,0.176966624,-0.12081419,-0.377345759,-0.814093813,-0.072233682,-0.599779644,-0.832797387,0.098133801,0.025993873,-0.302858484,0.206585744,-0.434187707,-0.255841256,-0.366070433,-0.29348129,0.071928143,0.221510365,-0.475366252,-0.357393828,-0.043137853,0.160849002,-0.111671953,-0.208971105,-0.482415964,0.291641662,-0.063492869,-0.250957001,-0.074561528,-0.333547064,-0.686291305,-0.042618751,-0.518476126,-0.162729722,-0.281465758,-0.427858133,-0.39671733,-0.235411312
41,0.017127894,-0.185820464,-0.042169943,-0.538936036,-0.017214855,-0.473371021,-0.472238116,0.062007822,-0.685413552,-0.860736575,-0.504351143,-0.592428973,-0.108057784,-0.830900719,-0.489458676,-0.332029226,0.133791914,-0.842236122,0.114540407,0.070024387,-0.222059887,3.65E-05,-0.536747848,-0.392133003,0.130925751,-0.10796095,-0.691883772,-0.063688628,-0.580453415,-0.636018833,0.114907649,-0.34020534,-0.287671683,-0.224219575,-0.17906856,-0.116944069,-0.241245119
42,0.242707806,0.152859798,-0.289381294,-1.581304285,0.149263867,0.241751828,-0.778604268,0.057949909,-0.372998885,0.037735121,0.217293389,-0.505689407,-0.524974251,-0.878999011,-1.342289848,-0.147635415,0.51272221,0.198316795,0.245041543,0.125260551,-0.130895911,-0.016512518,-0.281019857,-0.266673554,0.585568765,0.375358622,-0.053857281,0.010156295,0.421992606,-0.568681318,0.29873187,-0.376364716,-0.016228314,-0.25868356,-0.377858844,-0.285703416,-0.23027634
43,-0.156940229,-0.080159437,-0.210156765,-0.772541248,-0.18223448,-0.283955081,-0.666000535,-0.048580267,-0.473243768,-0.740828166,-0.271573458,-0.600547115,0.032644502,-0.726937094,-0.464514195,-0.075556763,0.324382225,-0.702128045,0.120546256,-0.100351594,-0.388367963,-0.310205633,-0.335214653,-0.238643037,0.032312662,-0.03714742,-0.555017673,-0.216484195,-0.370617528,-0.639959362,-0.046291349,-0.280956107,-0.211642154,-0.136228257,-0.126994377,-0.138958719,-0.167115675
44,0.331969959,0.428423084,0.651856295,0.845421591,0.535374196,0.602724711,0.789750098,0.410402523,0.657359563,0.423035811,0.371247506,0.447114771,0.436967406,0.768516015,0.633043667,0.591999329,0.373010595,0.646032737,0.508681827,0.28326741,0.126540522,0.760890386,0.468036017,0.574809165,0.427169076,0.365954133,0.62476749,0.284106207,0.540382761,0.717072528,0.128727656,0.56791647,0.51957402,0.595014566,0.570856297,0.556812665,0.545456794
45,0.383584736,0.238770649,0.255036192,-0.196385534,-0.280099768,-0.82260036,-0.613208279,0.048724691,-0.261956432,0.058514846,0.188823781,0.093616062,0.088921414,-0.098072972,0.166551759,0.031538512,0.137897617,-0.533161732,0.191550546,0.091590834,0.05553459,0.062534559,-0.20245845,-0.282307188,0.197306596,0.269315368,0.344500328,-0.090908842,0.414022177,-0.180394371,0.169599463,0.014498334,-0.118359372,0.033465503,0.092465774,-0.030105947,-0.092752056
46,0.014460487,0.072916479,-0.008197536,-0.591988016,-0.025189615,-0.645130779,-0.76873358,0.212387135,-0.445564635,-0.825729844,-0.101775274,-0.44934303,0.089254479,-0.839448069,-0.193456755,0.025673063,0.483696332,-0.753153519,0.30272681,0.156670434,-0.248375343,-0.168057322,-0.301060988,-0.286787004,0.195233477,0.166725652,-0.455751071,-0.040303212,-0.383853096,-0.609339196,0.098987486,-0.239015487,-0.040394925,0.034076584,-0.018825432,-0.057443651,0.065585067
47,-0.143117166,-0.257026363,-0.248879876,-0.520421295,-0.281338993,-0.496111957,-0.645098508,-0.067507463,-0.402209376,-0.258971377,-0.058808079,-0.465549564,-0.029424198,-0.387289014,0.130399011,0.075549023,-0.329718238,-0.733680919,-0.266240945,0.071073526,-0.341051315,-0.222266129,-0.222916202,-0.383458692,-0.255440853,-0.230495178,-0.276646031,-0.337844893,-0.14423686,-0.633079459,-0.057941718,-0.146162329,-0.193327864,-0.107131147,-0.016380917,0.00704174,0.010504787
48,0.077281269,0.002593169,0.227830334,-0.229302561,0.506551392,0.804304566,0.357459298,0.132474435,0.226778414,0.189949987,-0.06895508,0.046901121,-0.103002019,0.148110049,-0.56555149,0.34670694,-0.370108904,0.73098917,0.004738482,0.067374877,0.342135918,0.021330982,0.313948481,0.411844653,0.014195921,-0.112869646,0.300212308,0.20600997,0.459407714,0.335652771,0.479005376,0.329748854,0.116513821,0.136393533,0.251983094,0.291233233,0.348580229
50,0.219587752,0.061469565,-0.08271379,0.065630178,0.065685282,0.052190665,-0.419978356,0.232131847,-0.190948089,-0.135711447,0.030496133,-0.256346569,-0.319852789,-0.380192991,0.432572278,-0.020808538,-0.202643958,-0.031534407,-0.130469369,0.254994136,0.088699428,0.230046396,0.0644755,-0.062838331,0.108526508,0.147357565,0.061574592,0.273541725,0.340636264,-0.352468139,0.18841456,-0.146687718,0.079211647,-0.09488406,0.074638348,0.107742172,0.05147371
51,0.292949552,0.146107704,0.405818935,0.406548926,0.108523893,0.11705796,0.279443116,0.032160192,-0.272698605,-0.149250621,-0.097836144,-0.236556693,-0.295142613,0.122376551,0.134538464,0.000338503,-0.240144676,-0.202418163,0.106497528,0.458078949,-0.012422002,0.152814809,-0.066365715,0.268108489,-0.160539133,-0.236868647,-0.187743769,0.059754936,-0.167855333,0.169131614,0.065432648,0.096359124,0.254750784,0.25813252,0.270139866,0.05889131,0.082064546
54,0.151097191,0.285284966,0.18626603,0.061774465,-0.240654234,0.311483403,0.300775564,-0.055087835,0.114280958,0.41395519,-0.048746438,-0.016301652,0.098572467,0.050545246,-0.086533799,-0.171548004,0.44944563,0.146755129,0.437446682,-0.046959862,0.133473734,-0.046165976,-0.322746273,0.105839922,0.22844563,0.258849808,-0.073234325,0.230520857,-0.446649217,0.341640676,-0.105442933,0.000206879,0.094795356,-0.138709543,-0.096397524,-0.209121702,-0.054358418
55,-0.248611371,-0.256994656,-0.650439154,-1.263297179,-0.640283104,-0.544719783,-1.056075951,-0.308476166,-0.392239612,-0.20753001,-0.040041813,-0.498753343,0.054278819,-0.666140221,-0.360815372,-0.020902292,0.22479394,-0.645772972,-0.081040001,-0.320370611,-0.138293785,0.001668865,-0.191451035,-0.53643923,-0.097626313,-0.099575093,-0.131020138,-0.387734552,0.089023337,-0.88420304,-0.294617953,-0.217376191,-0.291780696,-0.289821945,-0.262602006,-0.23716977,-0.23469101
56,-0.301105085,-0.423701637,-0.378127174,-0.470227006,-0.299991514,-0.519809344,-0.80900115,-0.236377634,-0.507267705,-0.211588905,-0.147805899,-0.382241127,0.162448715,-0.279417531,0.220075448,0.165978555,-0.226758121,-0.592739195,-0.176622012,-0.146523893,-0.048938453,-0.058591736,0.196813184,-0.383037207,-0.390290241,-0.241641646,-0.120209908,-0.233389761,-0.151223583,-0.786358122,-0.208964991,0.088358308,-0.243012577,0.000330616,-0.04164754,-0.026780992,-0.150458042
57,-0.045171464,0.079171182,-0.030275945,-0.559406922,-0.064287641,-0.527924309,-0.865042912,-0.029722943,-0.678173665,-0.697550997,-0.259636953,-0.665145692,-0.30053881,-0.798186753,-0.356523716,-0.214715523,0.138593493,-0.762047907,0.191179668,-0.099453564,-0.409794717,-0.32620459,-0.382844962,-0.306590573,0.154650264,-0.001364416,-0.542200401,-0.132320945,-0.037341212,-0.555882613,0.022190035,-0.237806259,-0.274036781,-0.172002732,-0.112302533,-0.169554809,-0.258546178
58,0.199228954,0.058579441,-0.233518963,-0.457988085,0.019659162,-0.13010652,-0.448847576,-0.140063848,-0.078859813,0.031555073,0.09443879,-0.162981937,-0.075513711,-0.318866747,-0.288318221,0.038502103,0.088913528,0.209046655,-0.089570627,0.122792083,0.120352425,0.089841233,0.090503149,0.019199952,0.228055649,0.250391477,0.127356152,0.141934888,0.197785261,-0.262143911,0.066546806,0.57389018,-0.047418633,-0.023350224,-0.105966529,-0.095968708,-0.057950689
59,0.264731514,0.182931475,0.056953243,-0.593150237,0.425039595,0.302941103,-0.055755439,0.052773909,0.330543953,0.427795712,0.35440712,0.361351048,-0.115444257,0.214729533,-0.624916041,-0.176609904,-0.063017355,0.969171449,0.142160336,0.184490875,0.705934806,0.659837733,0.082480412,-0.016300051,0.227560177,0.200066792,0.689844807,0.363181085,0.776411216,-0.009590113,0.225484641,-0.091058394,-0.06984073,-0.200275327,-0.345316344,-0.475803647,-0.441261499
60,-0.290881064,-0.098047828,-0.630351953,-0.854098704,-0.543624192,-0.703680612,-1.02264023,-0.154201726,-0.539535538,-0.59451606,-0.060713013,-0.58488033,-0.049741325,-0.739004583,-0.326108446,-0.267297314,0.20186477,-0.968570578,-0.16574229,-0.242402288,-0.287248167,-0.01560945,-0.173215232,-0.274728846,-0.178757789,0.063289572,-0.150883613,-0.200778376,0.040606833,-0.820345736,-0.31331602,-0.416642219,-0.292047944,-0.228646751,-0.211100414,-0.197582251,-0.174461657
61,-0.101149937,-0.236797544,-0.260006768,-1.132863946,-0.2505486,-0.356322284,-0.75053734,-0.180964501,-0.453373229,-0.153911316,-0.132718804,-0.754405641,-0.124350394,-0.437294945,-0.363767555,0.108695268,-0.207912682,-0.775438896,-0.30975684,-0.261267193,-0.499539686,-0.473311797,-0.340686723,-0.080547898,-0.498513705,-0.458780243,-0.148033126,-0.162120389,0.087150467,-0.841359024,-0.014853368,-0.496097583,-0.333660863,-0.164370875,-0.155425453,-0.010757528,0.03004684
62,0.06109995,-0.019200039,-0.369145894,-0.135627747,0.202279355,0.328487953,0.218752786,-0.044845028,-0.243297708,-0.614644213,-0.093813922,-0.075748244,-0.257014527,0.046676052,-0.458914191,-0.49145066,0.323253991,-0.06208949,0.044190755,0.093514776,0.194591156,0.123371056,0.067726825,-0.056841594,0.197340149,0.121858956,-0.071601117,0.017812256,0.341624903,0.121414461,-0.020205516,0.75419432,-0.316651139,-0.139677885,-0.286326606,-0.185499591,-0.331188206
63,-0.539245014,-0.591501826,-0.037046117,0.774398227,0.349772995,0.695860915,0.943500419,-0.074120838,0.40157147,-0.424775614,-0.05740131,0.800204705,0.036100999,0.715820283,0.359453348,0.085411806,-1.019924167,0.616177476,-0.282030282,-0.029717933,0.475177186,0.190692228,0.635571842,0.204470501,-0.979619559,-1.005415858,0.055328201,-0.019516181,-0.231837362,1.082344427,0.181405466,0.613459601,-0.029740715,0.178755095,0.258039663,0.213094743,0.19050678
64,-0.313666585,-0.178416504,-0.681120981,-1.361373024,-0.609928159,-0.668442888,-1.033908965,-0.390420918,-0.187893802,0.101685391,0.318398155,-0.304566391,0.16305514,-0.425727652,-0.319775931,0.33175013,0.23604278,-0.501491225,0.02300796,-0.319506652,-0.133238117,0.12498121,-0.122267442,-0.497118553,-0.18446707,0.011290634,0.049370495,-0.312774195,0.353511792,-0.849945893,-0.328267942,-0.414529891,-0.256081916,-0.151115528,-0.159677222,-0.196278133,-0.185969988
65,0.353072716,0.405939162,-0.055551623,-0.407928486,-0.212378513,-0.23140085,-0.769032388,0.324062568,-0.277918917,0.167098177,0.341311529,-0.168932745,0.005626177,-0.531048779,0.013159909,-0.173938377,0.311525964,-0.622237134,0.268973839,0.175493599,-0.077696175,-0.153082622,-0.057441102,-0.246208124,0.400284891,0.5422748,0.103051108,0.110856019,0.313598856,-0.495591055,-0.117460812,-0.108671935,0.145249014,-0.208971282,-0.289713962,-0.185771835,-0.502634031
66,0.310880541,0.225191166,0.053100146,0.06609103,0.113561189,0.353619926,0.25636799,-0.043539057,0.047329907,0.008707381,-0.063001534,0.119126315,-0.026419566,0.136046277,-0.280323556,-0.332107708,0.354828406,-0.013427634,0.103477908,0.064117368,-0.302779997,-0.311434573,-0.179731615,0.092709077,0.37789648,0.217802552,0.133940946,0.173864724,-0.189871109,0.015077053,0.154524947,0.153119561,-0.089469709,-0.194501637,-0.307145422,-0.335046802,-0.359107599
67,-0.241847205,-0.239512698,-0.421207374,-0.612145338,-0.334819114,-0.711471774,-1.044504421,-0.198314527,-0.499633532,-0.390378233,0.007372106,-0.508409812,0.032925617,-0.629852907,0.02308403,-0.097310423,0.11658932,-0.897271201,0.078243496,-0.173553385,-0.255290722,0.031721636,-0.198125057,-0.522842014,-0.187424248,-0.144219406,-0.433127555,-0.17588494,-0.182084617,-0.702452312,-0.260099911,-0.031238331,-0.28994583,-0.237867772,-0.107258381,-0.243176725,-0.259792402
68,0.06220228,0.201587923,0.050562049,-0.054657916,0.097093368,-0.140994697,-0.036170062,0.153484213,0.174267378,0.14447499,0.166749045,0.16719515,0.277770978,0.216919757,0.067175866,0.241185098,-0.157628784,-0.007633245,-0.005791974,0.187252723,0.395194777,0.245203737,0.346785774,0.207449438,-0.068144938,0.053050321,0.348466665,0.141116081,0.489008386,0.047591146,0.232806446,0.353589382,-0.093474737,0.218631819,0.254087679,0.221160759,0.130474449
69,-0.005928871,0.125837306,-0.110456569,-0.531662395,-0.090640021,-0.54259595,-0.505973301,0.225795784,-0.008659061,-0.000559256,0.299458456,0.185609772,0.104793225,-0.065318954,-0.218236247,0.447363489,-0.087598332,-0.350406584,0.170268559,0.067452954,0.26260812,0.052018034,0.198318156,0.148713813,0.163596026,-0.055755023,0.084378353,0.168064752,0.605002148,-0.334711907,0.06514449,0.291089917,-0.136580588,0.211886608,0.009990024,0.006529169,0.048373094
70,-0.25358648,-0.331215148,-0.426649332,-0.541712624,-0.454559612,-0.514633915,-0.901168194,-0.385374826,-0.56578935,-0.325304944,-0.174561686,-0.637380626,-0.180272722,-0.728750916,-0.059131997,-0.094145918,0.084709815,-0.438326105,-0.128984906,-0.175276078,-0.276792966,-0.244186046,-0.22796396,-0.584119097,-0.133945723,-0.033819499,-0.270897513,-0.305660548,0.057821084,-0.792893194,-0.212963393,-0.086137295,-0.353852746,-0.252566462,-0.218568787,-0.278736341,-0.29258936
71,0.600286065,-0.111041419,-0.324093816,-1.38860605,0.591408463,0.035430246,-0.87140039,0.53244733,0.134578066,-0.343424588,-0.184269329,-0.134236283,-0.299884707,-0.2645381,-0.639947214,0.013963689,0.087627189,-0.000962888,-0.31186544,0.404787748,0.671813196,0.337893736,0.194695741,-0.03188653,0.382570175,-0.129797334,-0.10192067,0.646588518,0.662197591,-0.535242738,0.555066486,0.489166825,-0.042772431,-0.308919824,-0.471021691,-0.344978379,-0.301638593
72,0.202398873,-0.002340004,-0.053533356,-1.441574942,0.057767733,0.049937182,-0.577402755,-0.195478098,-0.264161761,0.208776677,0.120643906,-0.297252473,-0.132010782,-0.476920557,-1.251288512,-0.013426145,0.280517944,0.283608243,0.197270259,-0.004740935,0.295265297,0.230671213,-0.095401789,-0.190156364,0.289623041,0.135514629,0.143863989,-0.009859436,0.327084136,-0.452923963,0.161005632,-0.038016584,-0.081016269,-0.060932702,-0.137961287,-0.227422645,-0.248832038
73,0.185077029,0.457353978,-0.081218665,-0.92863943,0.12959971,0.120360726,-0.802790001,0.205114638,-0.070207929,0.194157147,0.280878411,-0.244227931,-0.167576553,-0.717929776,-0.910671407,0.080695243,0.363926234,0.257562005,0.454900997,0.163536004,0.051173234,0.048619584,-0.207731232,-0.106391523,0.52925459,0.407558903,-0.018091024,0.233125724,0.303690867,-0.586432905,0.144396538,-0.15059216,-0.052965489,-0.308264466,-0.447576515,-0.37687732,-0.398920335
74,0.273935663,0.190260556,-0.098393898,-0.606651807,-0.122207827,-0.775442345,-0.965046324,0.013118945,-0.178575717,-0.397265034,0.111926673,-0.269462028,-0.17458944,-0.718067221,-0.225133014,-0.182593363,0.424435214,-0.437044552,0.011230552,0.063085411,-0.001180311,0.025765002,-0.315522391,-0.446474019,0.292054209,0.23886903,-0.261644146,0.116286702,0.220086955,-0.731067724,-0.043880036,-0.282558623,-0.125770529,-0.132336601,-0.253352962,-0.299198396,-0.320017385
75,-0.06195387,-0.440755785,-0.331602388,-0.732698938,-0.261507222,-0.310041568,-0.362812512,-0.215655021,-0.557991448,-0.389049394,-0.474301023,-0.657183491,-0.019416038,-0.564932408,-0.854226292,-0.075770051,-0.113175165,-0.887952576,-0.263371449,-0.349906261,-0.52712193,-0.390580782,-0.452691043,-0.100199145,-0.493145277,-0.510500392,-0.374780916,-0.167136402,-0.221363203,-0.62968198,-0.223591288,-0.502545779,-0.203216636,-0.166467284,-0.17511757,-0.128851831,-0.058091356
76,-0.132043399,0.037830778,-0.226554151,-0.51371843,-0.280466794,-0.299096943,-0.44053437,0.018119,-0.235838083,-0.049242422,0.063055363,-0.336651606,-0.187161408,-0.374629617,0.032019094,-0.258964054,0.092120172,-0.409154419,0.049616417,0.01558485,-0.182708443,-0.018524556,-0.157258439,-0.081623464,-0.033106454,0.131280585,-0.156489757,-0.047472341,-0.14488246,-0.046389808,-0.058840366,-0.122971415,-0.187553832,-0.163267014,-0.192626002,-0.071856909,-0.03663465
77,-0.15470666,-0.086429013,-0.541444568,-1.162103758,-0.460371348,-0.364994239,-0.816672698,-0.234629609,-0.54915091,-0.471367258,-0.291720629,-0.67540017,-0.162453243,-0.775432263,-0.731402088,-0.224319147,0.13256715,-0.752531386,0.001511925,-0.280001893,-0.40415974,-0.206721762,-0.137012318,-0.30124967,-0.074690444,-0.158955558,-0.359957063,-0.261955728,0.069569689,-0.729938512,-0.006131548,-0.286364661,-0.262323468,-0.204486485,-0.17986376,-0.22949815,-0.235815158
78,-0.407911968,-0.268476946,-0.268731828,-0.215644911,0.136748446,-0.48795849,-0.244687355,-0.173111576,0.202467446,-0.351136661,0.497816659,0.575126233,-0.07685752,0.11371818,0.332934495,-0.375226855,-0.627906475,0.393735941,-0.000991295,0.374605296,0.090248417,0.189197154,0.35217898,-0.419202586,-0.55037431,-0.745536628,0.37900588,0.077898254,0.412051122,0.174089095,-0.090421476,0.250473836,0.029368009,-0.084681539,-0.159992756,-0.339937816,-0.49261203
79,-0.228797078,0.11319514,0.130712209,1.405197831,-0.195538615,0.058095232,0.736708605,0.108846869,-0.195557657,0.470467017,-0.185441536,0.032947146,0.427357183,0.263087906,0.291966421,-0.015538696,0.108066186,0.068537675,-0.097011907,0.244547816,0.037928832,0.150431373,0.430147245,0.110632308,-0.141672398,0.055856945,0.027795304,-0.234787175,-0.147029364,0.276336618,-0.166150266,0.071894989,-0.006874659,0.132056212,0.174639555,0.121997444,0.020732818
80,-0.252193039,-0.14492773,-0.494495895,-0.947115094,-0.401284256,-0.034326701,-0.514171348,-0.190901023,-0.384903909,-0.241044574,-0.345470464,-0.629254588,-0.041794025,-0.615992003,-0.58843348,-0.122459934,0.048719895,-0.663763857,-0.011749005,-0.35366587,-0.390805521,-0.231473052,-0.251008425,-0.139159881,-0.218350545,-0.222762212,-0.407637765,-0.250081926,-0.039821177,-0.612345807,-0.075513262,0.244195862,-0.234293803,-0.132349459,-0.108133313,-0.141993295,-0.10779204
81,0.233131817,0.164149535,-0.128267784,-0.376179671,-0.114932258,-0.590049409,-0.428197092,0.085682824,-0.103430818,-0.075600604,0.131092097,0.143773545,-0.01839749,-0.301331951,0.32025789,-0.055144252,0.522167146,-0.116523824,0.128634994,0.091330532,-0.07863359,0.336603692,-0.230195284,-0.031851177,0.34305158,0.450778032,-0.106744507,0.097274148,-0.320269706,-0.370349577,-0.102746544,0.026924356,-0.024642435,-0.208165203,-0.175413022,-0.405675694,-0.074646703
82,0.045403441,-0.022088276,-0.066798463,-1.008563115,0.731458199,0.609306959,-0.386310911,-0.10222829,0.265491954,-0.181213024,0.345469657,0.372326561,-0.154282146,-0.016556717,-0.936312026,-0.478132494,0.098815766,0.615543757,0.141033142,0.154873268,0.54097445,0.616038036,0.301114928,-0.187964226,0.061263458,-0.181929369,0.436801178,0.112620692,0.652764079,-0.178529444,0.120331296,0.579897229,-0.199911197,-0.29658192,-0.493870563,-0.564781033,-0.632788297
83,-0.051340082,0.073006707,-0.170767337,-0.497147843,-0.177790351,-0.834448079,-0.788045294,0.005642451,-0.406932146,-0.511241332,-0.025701336,-0.422043087,-0.106912261,-0.744191065,-0.208051936,-0.072379042,0.36221083,-0.604305592,0.013795344,-0.001375948,-0.148376307,0.131852681,-0.360229599,-0.410684019,0.076999109,0.106536114,-0.340259063,-0.078484853,0.07405006,-0.612386858,-0.0790483,-0.248466491,-0.165763258,-0.117046942,-0.08693504,-0.173468657,-0.173704111
84,-0.107975998,-0.03740643,-0.273094606,-0.905750639,0.007317989,-0.085310588,-0.558350753,-0.10249951,-0.296667141,-0.309937029,-0.309488961,-0.673051619,-0.318308314,-0.611571763,-1.220430496,0.090015418,0.089977153,-0.196133043,0.18268859,-0.040463496,-0.195967652,-0.178717125,-0.144237102,-0.072220638,-0.054463345,-0.116146624,-0.300067295,-0.017489045,-0.184898406,-0.52202067,0.025050085,-0.369970484,-0.181569287,-0.105895844,-0.118234399,-0.081859813,-0.095660331
85,0.146298784,-0.007787196,0.084900544,0.146538531,-0.024556503,-0.108346543,-0.157518802,-0.118543908,0.246655936,0.234513253,0.347772413,0.154384521,-0.104597619,-0.00323183,0.173135219,-0.236943662,0.290778251,0.669530734,0.072673745,0.217393284,0.30123017,0.251245365,-0.291072722,-0.005668891,0.354956402,0.321124167,0.347441806,-0.014640998,0.027011119,-0.180920769,-0.136936825,0.098914063,0.119020557,-0.03126178,0.116599924,-0.039617051,-0.18189092
86,-0.425461294,-0.27336438,-0.516702382,-0.719054809,-0.451008002,-0.488660454,-0.558911125,-0.290770066,0.183501422,0.282206573,0.475763423,0.085841216,0.067366847,0.317659549,-0.016544525,0.21759935,-0.252304293,0.181463249,-0.331320031,-0.250777209,0.154921121,0.055500789,0.558593494,-0.240419176,-0.311888815,-0.161827173,0.431834283,-0.251939831,0.728349556,-0.433131688,-0.082749858,-0.045397811,-0.076481453,0.002580183,-0.083904459,-0.0359297,-0.060111593
87,0.012634555,-0.083110923,-0.184045322,-0.626795101,-0.418197299,-0.426490508,-0.890239598,-0.033786153,-0.602806782,-0.390568885,-0.200045636,-0.716024249,-0.113076507,-0.704853526,-0.190865026,0.049964253,-0.079730573,-1.235386367,-0.131756604,-0.040549367,-0.584046796,-0.36405855,-0.370162357,-0.379864998,-0.255104914,-0.335211833,-0.323845377,-0.061453919,0.019212586,-0.525984455,-0.043279479,-0.219938936,-0.174344895,-0.082765169,-0.131112486,-0.167194959,-0.142220044
88,-0.478264012,0.588482414,0.297227763,0.94286941,-0.386895753,-0.248574011,0.268214731,0.299522255,-0.147429185,0.322791557,-0.230452236,-0.263321259,0.658275371,-0.138480215,0.289457834,0.113994645,-0.013303501,-0.391573067,0.18314558,0.174483156,-0.489152612,-0.394041068,-0.244025733,-0.225940975,-0.082361883,0.193747807,-0.512622927,-0.124781883,-0.696830683,-0.134370283,-0.631820218,-0.169497177,0.074599491,0.095796745,-0.035675151,-0.152060699,-0.17315503
89,0.28753657,-0.022657604,0.085889387,-0.127627112,0.218120908,0.241222077,0.044719112,0.058942836,0.019070409,0.315067779,0.252710441,0.075558058,-0.252763061,0.038131391,-0.121370996,-0.007675442,-0.024805903,0.807702298,0.130791766,0.214922282,0.182908307,0.026214239,-0.006927528,-0.070807904,0.419855395,0.334284022,0.4485717,0.128815527,0.601614948,-0.047957159,0.266058698,-0.18417952,0.144058572,0.145814305,0.016281104,0.076198367,0.036955058
90,0.218822798,0.175719328,-0.048638705,-0.033302535,-0.133012858,-0.278776211,-0.241686758,0.018037139,0.060933138,-0.053912056,0.222875175,0.088606919,0.086999272,-0.23486101,0.195318147,-0.242894864,0.550160163,-0.097384393,0.093667297,0.122363648,0.107879597,0.234972353,-0.302145857,-0.221217563,0.253784294,0.283273632,-0.076245795,0.049602021,-0.221925902,-0.103287852,-0.143184158,-0.142003972,-0.025760067,-0.25068163,-0.317744419,-0.312817448,-0.313774423
91,0.526676881,0.171288877,-0.093051934,-0.199694994,0.424781488,0.226664612,0.093933923,-0.2009507,0.105601818,0.160635106,0.090309513,-0.411640861,0.022812867,-0.065206351,-0.257048017,0.194719077,0.689297532,0.080268613,0.63562129,0.728134645,-0.043461387,-0.240652262,0.136896016,0.298720453,0.205317419,0.714996914,-0.029884456,0.454855435,1.189770632,-0.39470516,0.251542241,0.463944451,0.368632889,0.38650172,0.341505919,0.383636543,0.342912094
92,0.148691946,-0.073256442,0.049082438,-0.183134814,-0.146509379,-0.080630752,-0.380611924,-0.04225695,-0.171423056,-0.011925357,-0.018760042,-0.093458013,-0.083230869,-0.420937908,0.165490029,-0.010848257,0.086130903,-0.158894591,0.010795405,-0.021669759,-0.096633092,-0.147744132,-0.140448211,-0.15867569,0.137256771,0.213061289,-0.083100684,0.028635327,-0.255501944,-0.19163327,-0.128169275,-0.078348494,-0.035081949,-0.097832911,-0.102356683,-0.192164563,-0.078334957
93,-0.350661768,-0.335718256,-0.572659285,-1.104460666,-0.536939687,-0.625718939,-1.028492142,-0.283555685,-0.388138461,-0.273512804,0.02919654,-0.468263322,0.057576574,-0.586767222,-0.303534755,0.189676904,0.055890861,-0.708073347,-0.178555743,-0.266039146,-0.137059763,0.022938745,-0.036148061,-0.521957513,-0.22014123,-0.204285852,-0.167568124,-0.361649225,0.11373483,-0.866423904,-0.292133864,-0.315161747,-0.293922159,-0.210467636,-0.192800807,-0.223265301,-0.211026167
94,-0.049430393,0.024045632,0.131213031,0.327187882,0.097167415,0.115824867,0.3386477,-0.006886869,0.171194033,0.170771791,0.055652071,0.186684108,0.202540481,0.264967911,0.25927485,0.114712482,-0.064075829,0.152592088,-0.050454602,0.050867023,-3.116186132,-3.223407992,0.176624439,0.149429483,-0.014425083,-0.017346577,0.16957888,0.058026698,-0.051070347,0.284894462,-0.021876669,-0.030118862,0.273116323,0.312451849,0.294901396,0.292905102,0.249084685
95,0.152519459,0.17443865,-0.204147026,-1.274112129,0.288260965,0.626303994,-0.522465831,0.120201276,-0.256974047,0.051627003,-0.090511814,-0.32043304,-0.416665407,-0.610660916,-1.149309133,0.023343969,0.205797564,0.598338225,0.177962253,0.030008099,-0.02465973,-0.042681961,-0.123613293,0.049227568,0.482047253,0.214814797,0.028752431,0.171234646,0.551488183,-0.393662612,0.476577366,0.063436487,-0.085234181,-0.241367688,-0.263655126,-0.165473743,-0.071123976
96,-0.178956902,-0.167576504,-0.640268004,-1.139956449,-0.545416841,-0.526513266,-1.220445834,-0.359659082,-0.729448808,-0.34998093,-0.156239806,-0.738140444,-0.169857323,-0.939020995,-0.319710803,-0.220342092,0.387448483,-0.937400675,0.13846174,-0.178525002,-0.412286834,-0.140036796,-0.424020093,-0.496734173,-0.008217438,0.207426489,-0.32942265,-0.232722441,0.025816392,-0.977876831,-0.279823438,-0.301966764,-0.351895439,-0.290815031,-0.251585252,-0.332672666,-0.345531733
97,-0.058985737,0.060241477,0.090726594,0.266666629,0.072303836,-0.194595609,0.252482273,-0.063860802,0.268753935,0.231916138,0.200457797,0.28341471,0.088276132,0.229993052,0.216230366,-0.046676086,0.054078549,0.232211332,-0.098248003,0.051489958,-2.807126536,-3.024339011,-0.082424624,-0.042933862,0.04428104,0.085239195,0.116230573,0.164804926,-0.168568486,0.056930085,-0.10876032,-0.259992585,0.263270781,0.24347433,0.153456607,0.118301041,0.084551595
98,-0.520092028,-0.178372283,0.13781052,0.931559987,-0.335487025,-0.284933075,0.6095995,-0.094888322,0.158321023,-0.210713262,0.13266377,0.122175173,0.234389238,0.641394197,0.733491073,0.18953418,-0.530078263,-0.15479442,-0.619957077,-0.451398857,0.152015285,0.012800609,0.059949508,-0.0904859,-0.452086244,-0.517489356,0.0884518,-0.631239082,-0.764948871,0.489466927,-0.379347736,-0.67601374,-0.212252313,0.116908988,0.183639041,0.206947487,0.188891084
99,0.416352371,-0.01620108,-0.146290812,-0.225347244,-0.3254154,-0.234723848,-0.398520542,-0.033440187,-0.234020421,0.072134567,0.199638608,-0.124086255,-0.162629887,-0.332196343,0.158354712,-0.401145779,0.1942,-0.19893594,-0.002463188,0.022990661,-0.422222392,-0.21241502,-0.496019442,-0.244109075,0.328351729,0.28446656,-0.026852056,-0.204303679,-0.144744518,-0.422769023,-0.119567585,0.050573208,-0.070864792,-0.283242659,-0.382278097,-0.364694036,-0.333463364
100,-0.400382821,-0.149468,-0.068119373,0.310278096,-0.402640692,-0.495408974,-0.004701237,-0.09279774,-0.01948253,-0.216384291,0.177715689,-0.035374896,0.062988872,0.152357536,0.442097503,0.059379575,-0.227440742,-0.237015871,-0.405336072,-0.382114115,0.061817643,-0.001817361,-0.113785507,-0.271172479,-0.202447838,-0.300913652,-0.005828558,-0.534424825,-0.540944293,0.038334839,-0.364562291,-0.672510128,-0.114823632,-0.083325159,-0.034083193,-0.021877453,-0.028643483
101,-0.459103356,0.446253497,0.299961361,0.379991723,-0.339752692,-0.192353858,0.053920517,0.445102208,-0.044496857,0.447245513,-0.019083017,-0.325078795,0.499596383,-0.099292167,0.116491783,0.200534006,-0.089333287,-0.277347582,0.06094654,0.295548654,-0.333118078,-0.352421106,-0.161408579,-0.194394756,-0.033575679,0.157747528,-0.432343635,-0.188790602,-0.59714289,-0.153113511,-0.512949564,-0.397456191,0.031707656,-0.045110542,-0.180131784,-0.119518691,-0.139913364
102,-0.413064413,-0.378261788,-0.207729868,0.240556114,-0.163638258,-0.949007383,-0.227927811,-0.611408568,0.083932243,-0.28664831,-0.250172789,-0.302243033,-0.290585142,-0.065886417,-0.253000541,-0.50317533,-0.585093801,-0.119557218,-0.334978987,0.14754632,0.260443809,-0.029404036,-0.148657402,-0.485489845,-0.453754221,-0.278966652,-0.018333992,-0.21697753,-0.81210712,-0.582916309,-0.938465734,-0.886788309,0.003554654,0.079733996,0.061735045,-0.188785287,-0.475796351
103,0.285820735,0.190188224,-0.26814964,-1.451186494,0.266014665,0.251023134,-0.944203355,0.07465336,-0.284552081,0.074839161,0.148876191,-0.339263176,-0.583334216,-0.781058849,-1.216072718,-0.111163349,0.469649879,0.433524992,0.376252163,0.088465145,0.069349652,0.146035335,-0.313783649,-0.257961319,0.612083998,0.384841098,-0.021353952,0.148645303,0.506727038,-0.581542548,0.222298983,-0.463091195,-0.046684707,-0.373514252,-0.498882961,-0.413806063,-0.353524234
104,-0.087468437,-0.005337008,-0.102987311,-0.06509386,0.080435813,0.463117977,0.200680505,-0.035714834,-0.10453782,-0.170188524,-0.377892226,-0.363324576,-0.031436449,-0.335160983,-0.30754726,0.055541305,-0.285269223,-0.10465951,-0.075036364,0.05477868,0.073180494,-0.193724996,-0.082704167,0.212802119,-0.046133456,-0.227998294,-0.249911874,0.007555097,0.270969993,0.019257135,0.298438397,0.59028423,0.023871194,-0.017763915,0.200285711,0.316872867,0.290254796
105,0.163937673,0.106986482,-0.361607521,-1.206390945,0.115700921,0.261716713,-0.885359738,-0.012552991,-0.245621782,-0.098943295,-0.044568048,-0.301880576,-0.245254494,-0.699064781,-0.96305177,-0.026582571,0.258837594,0.204976944,0.155687158,-0.025232901,-0.095735301,0.038593881,-0.227523215,-0.048906353,0.393809916,0.079086006,-0.097236926,0.032467597,0.47960659,-0.627363714,0.286739131,-0.171129414,-0.07795482,-0.210762346,-0.254645213,-0.214692582,-0.160878344
106,-0.159082024,-0.040530719,-0.102334638,-1.046096507,-0.048644858,-0.47573352,-0.746081438,0.050165299,-0.172049375,-0.049604984,0.217379776,-0.327183796,-0.050822915,-0.474503785,-0.068812985,0.202217054,-0.232241846,-0.442463044,-0.141903127,0.079260693,-0.094684175,0.044999714,-0.089727376,-0.274597059,-0.207399586,-0.195728326,-0.230181786,-0.113389823,-0.005404092,-0.417572864,0.123724825,0.07799735,-0.093418825,0.010643812,0.063328932,0.054542403,0.0839026
107,-0.261142032,0.006653271,-0.259138322,0.079274215,-0.457792114,-0.18845641,0.027243418,0.223352935,-0.083387703,-0.032715207,0.256478541,-0.172438673,0.09711955,-0.025682422,0.336602446,-0.209128289,0.209347498,-0.192494088,0.205297131,0.017246664,0.01940531,-0.11518081,-0.202605894,-0.056514617,0.009495347,-0.138583122,-0.096743636,-0.238085538,-0.230866247,0.301346764,-0.020400896,-0.06467928,-0.156889173,-0.155491449,-0.165540405,0.043311994,-0.335720095
108,0.3039659,0.26793966,-0.187781367,-1.25248433,0.268956909,0.471187609,-0.434850381,0.176439289,-0.04514231,0.293326267,0.136375349,-0.030166545,-0.298688393,-0.401778158,-0.921543986,-0.057998318,0.395796631,0.713445817,0.199251718,0.06495894,0.068484914,0.071322994,-0.144333848,0.054096177,0.593194906,0.285047733,0.199113515,0.258896337,0.618346575,-0.381293238,0.365100299,0.080876076,-0.103019399,-0.323502921,-0.475142785,-0.440012293,-0.365142605
109,-0.266707544,0.012875894,0.224052482,1.451265581,0.052736539,0.211414893,0.895556122,0.027298098,-0.167005895,0.250514557,-0.308083157,0.179676731,0.229404596,0.443655618,0.410491011,-0.148884602,-0.30908061,0.128909383,-0.251376935,0.231465263,0.208383818,0.068976596,0.355652462,0.136829446,-0.223698267,-0.215392965,0.01940495,-0.209547212,-0.118295671,0.561927576,-0.061191009,0.288712241,-0.06206002,0.156198378,0.185676014,0.145728227,0.070032192
110,-0.050755185,0.054123171,0.086842302,0.591559859,0.090637235,0.390032096,0.509516854,0.046795247,0.51911227,0.416215676,0.428633247,0.310250507,0.045379845,0.45744261,0.354369226,-0.004895328,0.057101797,0.04036164,0.144085001,0.032274641,0.234749847,0.292074509,0.171286692,0.318931667,-0.044696903,0.059835001,0.046902679,0.039827305,-0.057523721,0.3044778,0.174028001,0.229030693,0.161419063,0.297849288,0.248055466,0.388660525,0.358855026
111,0.030468527,0.25877475,-0.097502526,-0.59163211,-0.163311762,-0.23841557,-0.035068823,0.153187025,0.178752144,0.195135381,0.138817625,0.284041014,0.156526827,0.027757274,0.051391649,0.127750838,0.330940159,-0.012705929,0.299840331,0.038467136,-0.121684407,0.111250282,-0.033498077,0.255948804,0.285513066,0.325946949,0.161434994,0.053893649,-0.073496682,0.101103701,0.10737371,0.155830652,0.095683666,-0.163698053,-0.203917703,-0.027854768,0.101605241
112,-0.031152769,-0.044136599,-0.263964597,-0.239008814,-0.262157726,0.234863907,-0.338289537,-0.120888413,-0.208925923,-0.274526426,-0.215235313,-0.324694277,-0.092777873,-0.399689216,-0.11264288,-0.129955581,0.163651836,-0.432138624,0.033784685,-0.034858688,-0.094094741,-0.015651092,-0.370892386,0.05296952,0.054094629,0.071807874,-0.430581212,0.030379705,-0.176875733,-0.234255256,-0.072788082,-0.031303178,-0.137733607,-0.143044744,-0.108419124,-0.049933847,-0.034171537
113,-0.498588264,-0.41351152,-0.381521453,-0.084287789,-0.384171987,-0.494584154,-0.093411705,-0.422587532,-0.27678355,-0.337967053,-0.39960635,-0.43431285,-0.264541139,-0.100733377,-0.238639947,-0.315109043,-0.510518462,-0.19550967,-0.417350029,0.070458965,-2.365547107,-3.219638326,-0.316900513,-0.174517159,-0.429963885,-0.412420631,-0.196017153,-0.344765004,-0.489458626,-0.12760415,-0.375285777,-0.416131187,-0.283052006,-0.165811879,-0.150544062,-0.153945749,-0.127502142
114,-0.165002979,-0.102893062,-0.195714061,-0.634573599,-0.261367875,-0.556285378,-0.446409739,-0.133011286,-0.411728041,-0.54839366,-0.047859242,-0.438240456,-0.118187243,-0.500334638,-0.249688367,-0.347989687,0.077289556,-0.721250166,-0.175691414,0.021819784,-0.224052985,-0.292431711,-0.383953868,-0.454648455,-0.172554277,-0.02976756,-0.260710407,-0.30561193,0.011630692,-0.383287387,-0.142798154,-0.384464951,0.213182464,0.222030244,0.311228967,0.270033075,0.219200761
115,0.046577382,-0.013990473,-0.086655633,-0.514570801,0.176384147,0.354070484,-0.374107511,-0.036338927,-0.390303984,-0.145633459,-0.192470031,-0.477608398,-0.402028354,-0.507281074,-0.890334826,-0.080853179,-0.051890178,0.207875627,0.081957164,0.030133074,-0.017225584,-0.11105288,-0.146675493,-0.23790765,0.148432752,-0.068930931,-0.088275102,-0.002154216,0.249339054,-0.415078502,0.242360876,0.071808098,-0.085414175,-0.016425994,-0.017548446,-0.021862088,-0.102922031
116,0.422518502,0.173495402,0.207871219,-0.513219102,0.600692272,0.465162293,0.078987181,0.297906042,0.236760699,0.268782037,0.176417779,0.048071435,-0.282717287,0.016162795,-0.741066313,-0.039143762,0.096263979,0.935745306,0.111791235,0.221002243,0.293429702,0.114500655,-0.022144669,0.243537087,0.443498991,0.33754891,0.342212103,0.344771625,0.337045416,0.150259686,0.398725247,0.324686178,0.133039902,0.016320708,-0.09441282,-0.129864837,-0.120203779
117,0.424565947,0.245250589,0.028131008,-1.153751909,0.525527489,0.492943889,-0.317578113,0.39836648,-0.103926574,0.190926619,-0.015572858,-0.098569668,-0.357096923,-0.386249825,-1.063236545,-0.168054,0.116007358,0.659153541,0.228408103,0.314920541,0.397147547,0.214689141,0.043829906,0.250178719,0.446285217,0.322125921,0.298983743,0.352091523,0.588916504,0.032070898,0.675589067,0.14591203,-0.022479529,-0.183905653,-0.306205441,-0.198724477,-0.222620584
118,-0.350640649,-0.366776702,-0.113989468,-0.51485408,-0.647708123,-0.366535776,0.000271186,-0.223106483,-0.498656625,-0.559043834,-0.366359135,-0.466014152,0.074145546,-0.164861445,-0.291560747,0.072485441,-0.140605306,-1.207851803,-0.357126027,-0.53173859,-0.56026907,-0.410442885,-0.31317341,-0.152653395,-0.487873489,-0.622407419,-0.423241805,-0.55224037,-0.387454485,-0.374845875,-0.189141026,-0.511474404,-0.328904025,-0.087305335,-0.118587238,0.048872799,0.037842216
119,0.279682728,0.233091285,0.073148172,-0.682516207,-0.361190191,-0.339927418,-0.929357201,0.014347468,-0.598736396,-0.310332214,-0.166673904,-0.707839047,-0.288672234,-0.975975829,-0.244785925,-0.119443479,0.349318695,-1.004945804,0.04102194,0.084375377,-0.643056737,-0.52516721,-0.493984822,-0.338240255,0.093999966,0.036490283,-0.297289758,0.002687711,-0.19866236,-0.49192811,-0.110762584,-0.274496621,-0.107950487,-0.164075712,-0.227201755,-0.272452917,-0.21203757
120,0.161420318,0.175843358,0.160582446,0.401089854,0.029871894,-0.045047009,0.345910262,0.102963431,0.26114694,0.356689172,0.319792187,0.324969678,0.281710341,0.472687746,0.331824781,0.022076195,-0.071337788,0.261876654,-0.261889872,0.051650266,-4.087984972,-4.920408358,0.053326226,0.214401818,0.022779943,-0.011994408,0.288786043,0.020275376,-0.022715959,0.347243033,0.066932417,-0.199663504,0.331914561,0.298614551,0.265020066,0.234643273,0.221864482
121,0.262679288,0.160822723,-0.168667129,0.000606659,-0.194913795,-0.288397526,-0.344177703,0.093672301,-0.202273655,0.022244614,0.268917721,0.085829822,-0.125667645,-0.332103015,0.523624086,-0.335271543,0.223607788,-0.200069854,-0.061584627,0.039043958,-0.203626467,-0.069105089,-0.259241467,-0.078708404,0.311227998,0.320942921,0.058572757,-0.001873148,-0.089155408,-0.250107144,-0.06810794,0.088964117,-0.267720629,-0.30285175,-0.380003324,-0.348726834,-0.323099971
122,0.284902514,0.059903416,-0.009644762,-0.405072117,0.242807982,0.049529596,-0.245712993,0.18121611,0.626753354,0.400186444,0.357288732,-0.209921715,0.127564718,0.052539707,-0.192827071,0.106181961,0.02294817,0.027542899,-0.180396957,0.085285634,0.322642091,-0.136346095,0.340771779,0.150426897,-0.105125453,0.258937857,-0.143295122,0.497616426,0.313915349,0.107374064,-0.125630197,-0.029461633,0.269150507,0.126148278,0.120405004,-0.03808502,-0.514567932
123,0.067359201,0.125199766,0.179461238,0.342586182,0.140177368,0.068499281,0.343220288,0.091772339,0.191514732,0.142943912,0.138213534,0.199221741,0.153793071,0.292528547,0.203608143,0.101325759,0.027458162,0.186787225,-0.00539652,0.082523336,-3.345438684,-3.717359596,0.15504129,0.10199189,-0.016569102,-0.006312494,0.134380825,0.084647924,-0.012398306,0.253346571,0.060115705,0.060811365,0.29491787,0.262108028,0.255251675,0.217080099,0.244523629
124,0.235007893,0.150909862,-0.255239433,-1.099945835,0.247188906,0.303615402,-0.921936741,0.00939632,-0.300611441,-0.047328599,-0.032748545,-0.431856878,-0.492727828,-0.789902416,-1.075168429,-0.04147429,0.301105367,0.277975295,0.185925358,0.098377892,-0.031952443,-0.074156066,-0.320281412,-0.083338265,0.574814506,0.275774641,-0.175924626,0.146309993,0.462891205,-0.56346588,0.439728187,0.096918443,-0.139400752,-0.250911382,-0.242026373,-0.157077509,-0.121351023
125,0.028427798,-0.189492132,-0.156996942,-1.266756262,-0.176571331,-0.375129011,-0.856847455,-0.101281952,-0.42848285,-0.101339138,-0.062710697,-0.846547336,-0.123958631,-0.458617716,-0.517368934,0.342363144,0.016287871,-0.564596842,-0.11660724,-0.091854818,-0.455696879,-0.309325246,-0.395271352,-0.201501663,-0.253656635,-0.197912326,-0.37838906,-0.123826188,0.02887375,-0.714604593,0.054423613,-0.471927519,-0.141110968,-0.097648159,-0.02704246,-0.044673027,0.083953188
126,0.122916463,-0.229454707,-0.23926045,-0.953194258,-0.231752313,-0.514461435,-0.734868183,-0.123525158,-0.47273073,-0.184300698,-0.132006339,-0.847384077,-0.211427936,-0.509185228,-0.443786461,0.056972595,-0.12339467,-0.691210071,-0.113223529,0.004539658,-0.391600077,-0.541404709,-0.315306038,-0.204329663,-0.254733947,-0.243373591,-0.05038954,-0.024185285,0.018884935,-0.789384037,-0.04471872,-0.50882824,-0.043241283,-0.02836361,-0.043473018,0.040441208,-0.035982437
127,0.305325695,0.336154858,-0.382991022,-0.725892887,-0.220411135,-0.435271217,-0.635126876,0.038056528,-0.147924508,-0.08839578,0.295107885,-0.114592414,-0.105586476,-0.453952876,-0.276594568,-0.340705517,0.701540877,-0.235014516,0.161348117,0.133902678,0.022173166,0.208973126,-0.456072787,-0.234130144,0.405026656,0.43624428,-0.014665708,0.10905865,0.090107721,-0.471612446,-0.071254772,-0.18787091,-0.132393331,-0.396620009,-0.547715133,-0.558921017,-0.557799984
128,0.002897884,0.165194069,-0.159815295,-0.710677141,0.398258226,0.52915766,0.0650663,0.148890686,-0.006460926,0.144426616,0.010009477,0.235491857,-0.05539383,0.207441371,-0.827647733,-0.242806369,-0.211035256,0.725770519,-0.08042251,0.133193517,0.792780833,0.765941073,0.158203888,0.213213859,0.12053613,0.028880097,0.468307372,0.412095546,0.774668385,0.146049007,0.541606257,0.047956153,-0.25826882,-0.201010813,-0.329619203,-0.388538731,-0.487409491
129,-0.194903886,-0.291677532,-0.496644769,-0.801910166,-0.324964957,-0.703950285,-0.991356964,-0.182015218,-0.364593105,-0.328074146,-0.193848137,-0.572376034,0.031233499,-0.563235893,-0.211123837,0.052847802,-0.004855207,-0.88192749,-0.131218925,-0.019485335,-0.22473336,-0.041704932,-0.123724679,-0.337098223,-0.135109323,-0.245430327,-0.031101989,-0.228670455,-0.004563915,-0.86942293,-0.18709353,0.175498966,-0.268260807,-0.096374167,-0.073361686,-0.073796571,-0.177361644
130,0.582133494,0.20233474,-0.138621939,-0.547934946,0.171919934,-0.383144113,-1.025698113,0.275890078,-0.014112744,-0.212377036,0.122620079,-0.115992482,-0.129346419,-0.613896165,0.059534963,-0.071681831,0.38561789,-0.466838403,0.144148662,0.340520746,0.119462547,0.335094803,-0.055762341,-0.163549473,0.527612916,0.345624983,-0.032624627,0.438728174,0.222903488,-0.692984398,0.039300506,0.346716738,0.038450671,-0.150059743,-0.308662107,-0.239133562,-0.356163222
131,0.225680625,0.274558661,-0.081809221,-0.97091656,0.374556715,0.578956812,-0.405034586,0.04546288,-0.119687452,0.292388639,0.043082769,-0.037857686,-0.353365421,-0.355019072,-1.141669942,-0.242197771,0.211936304,0.832335263,0.136424903,0.115098862,0.240363906,0.156784155,-0.171107555,-0.023767272,0.59938641,0.203512183,0.328271369,0.238611377,0.7317918,-0.249205681,0.422063861,0.044845573,-0.129872772,-0.294410412,-0.406848074,-0.43995371,-0.467218405
132,0.201507548,0.156006961,0.196641346,0.589668859,0.280080724,-0.1183589,0.196086488,0.153324896,0.290416282,0.035519124,0.081325777,0.412593204,0.239012782,0.340100622,0.538723524,-0.223007793,-0.120738445,0.082313136,-0.014813711,0.085137775,0.410023391,0.388265219,0.324108506,-0.009476355,-0.094027921,0.052912844,0.219572977,0.249420838,0.053031525,0.380619485,-0.055097102,0.396234393,0.071426613,-0.071741595,-0.166248245,-0.128713195,0.006862391
133,0.357554197,0.194748899,0.037719515,0.266758262,0.2025883,0.126464389,-0.260309089,0.244492384,-0.49006826,-0.157407728,-0.042559309,-0.0418333,0.104294463,-0.400743131,0.376297579,-0.077379069,0.070484762,-0.511744122,0.247821678,0.27970656,-0.181711973,0.100868631,0.182510782,-0.162253571,0.157253558,0.30795855,-0.278861016,0.306209038,0.100164785,-0.180758809,0.001324133,-0.211827755,0.064053304,0.139699981,0.136051082,0.112072105,0.120583403
134,0.17623621,0.26093286,0.069939208,0.349154148,-0.02441434,-0.253092533,0.178416275,0.194444431,0.324885331,0.165224746,0.418536534,0.30913639,0.111694654,0.076168412,0.621444781,0.046476647,0.118004281,-0.179310147,0.096482875,0.209851978,0.066396287,-0.06557125,0.022609176,-0.036262534,0.012052635,0.234852352,0.093269027,0.126148264,-0.126773589,0.13106258,-0.095164553,0.340256721,0.29145243,-0.273555085,0.020222845,0.044523354,-0.04705659
135,0.380432738,0.43267183,0.398758405,-0.486537515,-0.25279481,-0.271355384,-0.954792736,-0.008440186,-0.6288955,-0.272386298,-0.136104644,-0.561306433,-0.376183474,-1.275932268,-0.148905241,-0.075418163,0.562971601,-0.842086109,0.040389184,0.070124829,-0.709070201,-0.51278267,-0.710990661,-0.294884499,0.377700617,0.261099375,-0.214011098,0.10154067,-0.235094813,-0.419362531,-0.24586512,-0.195042812,-0.132097041,-0.164211466,-0.23599021,-0.256473722,-0.219045374
136,0.39142758,0.324080154,-0.227101942,-0.776235258,0.03841474,-0.289998715,-0.664612912,0.185961836,-0.209350296,0.114615125,0.354454592,-0.054598827,-0.183160843,-0.402530802,-0.133856798,-0.070579466,0.49730387,0.02259363,0.168579968,0.085099453,0.042900884,0.087309835,-0.213241401,-0.133129609,0.515519424,0.524124312,0.197861613,0.196953734,0.36885252,-0.363461628,0.152139526,-0.176236718,-0.04122664,-0.347857644,-0.517882263,-0.423554598,-0.346872233
137,0.471362069,0.449246732,0.01207912,-0.522009824,-0.207394682,-0.203047713,-0.846536065,-0.008707652,-0.559146476,-0.148646207,-0.066712541,-0.411404197,-0.459207768,-1.128811639,-0.18643934,-0.137458897,0.708779611,-0.655747607,0.171107348,0.200833746,-0.52867131,-0.40075355,-0.666744822,-0.387767531,0.495474371,0.43631605,-0.167584781,0.084977828,-0.146613817,-0.345895114,-0.143591824,-0.231239272,-0.115538138,-0.101947574,-0.320892434,-0.245441982,-0.285147217
138,0.381477169,0.342699554,-0.187697451,-1.050549531,0.228757094,0.166465501,-0.506862627,0.167339168,-0.023780273,0.042858491,0.133156218,0.050922912,-0.221101916,-0.445357365,-0.554716777,-0.216122872,0.611882497,0.260586833,0.40322711,0.17969882,0.132078744,0.096198955,-0.205607992,0.171883313,0.543299344,0.42322792,-0.031608596,0.480794441,0.312584964,-0.238860427,0.453761385,0.084620893,-0.180758107,-0.389879094,-0.649786283,-0.553968403,-0.492278869
139,0.227818985,0.487035483,0.061604333,-0.4698476,0.201254423,0.163442861,-0.278635253,0.210888006,0.111409894,0.33494831,0.235519528,0.054187106,-0.030756203,-0.359455746,-0.722829178,0.090798621,0.256963949,0.359133695,0.525945584,0.230350423,0.257311985,0.140078718,-0.060499845,-0.05782125,0.397798611,0.424831762,0.077232623,0.303633574,0.142295653,-0.19569948,0.127691725,0.044777284,0.005162563,-0.20563619,-0.351976656,-0.400837691,-0.384195113
140,-0.341824199,-0.178827276,-0.360322816,-0.129424187,-0.321084748,0.108017565,-0.313327082,-0.128590291,-0.248785754,-0.325204726,-0.28443005,-0.413075215,-0.019283003,-0.358994978,-0.082259486,-0.112874357,-0.335833679,-0.55363216,-0.180181111,-0.304388888,-0.093824976,-0.176126722,0.010068615,-0.092986665,-0.411612047,-0.403254488,-0.262677899,-0.319875867,-0.021217966,-0.330302058,-0.129415338,-0.073159509,-0.245427582,-0.027621636,0.032733003,0.036223754,-0.018014132
141,-0.125305152,-0.195089545,0.337524885,0.4394626,0.312371146,0.369714807,0.56816104,0.043132051,0.215804294,0.048385,-0.224007918,0.11683749,0.176965545,0.544348019,0.102884077,0.366701597,-0.653330547,0.164629919,-0.327372516,0.01738075,0.411699506,0.184147838,0.515302643,0.226115542,-0.376413259,-0.492607717,0.163039909,0.045744859,0.050670533,0.404920713,0.228780517,0.345326233,0.02060815,0.311412225,0.363079281,0.345075247,0.406594047
142,0.015628849,-0.15962345,0.168430098,0.576934691,0.200316786,0.031741307,0.307544806,0.126750348,0.261099253,-0.019867029,-0.029920573,0.243918851,0.075977199,0.181216504,0.272184888,0.075425558,-0.290398716,0.158823489,-0.191643781,-0.006365164,0.481307641,0.263362834,0.33268686,0.156095813,-0.129349966,-0.220675457,0.184827085,0.210743148,-0.204667239,0.356378786,-0.055189769,0.496667772,0.098264811,0.350230928,0.463756952,0.087858619,0.060750477
143,0.041817501,0.027166188,0.360347566,0.493032355,0.09267569,0.150289839,0.202799404,0.12045542,-0.342664015,0.073420376,-0.287309976,-0.570748971,0.06324531,0.076323495,0.39358401,0.300354825,-0.432459683,-0.175417674,-0.125895465,-0.124817119,0.033010612,-0.143208924,0.111647692,0.154928941,-0.173520308,-0.055498573,0.017258317,-0.069836213,0.007800196,-0.2118248,0.024081803,0.11649365,-0.090091763,0.270919331,0.401978565,0.414315905,0.346843764
144,-0.220959466,-0.108255534,0.030043426,-0.366506634,-0.105232228,0.06831211,0.096532178,-0.017679665,-0.001646664,-0.158148876,-0.214920566,-0.112042592,0.187292842,0.018965674,-0.131945212,0.114777352,-0.274232721,-0.485906091,-0.080848719,-0.146460038,0.119811177,0.102944351,0.284450294,0.120285479,-0.3893123,-0.348388121,-0.112905884,-0.128909288,-0.184323455,0.067622171,0.034480109,0.121279866,-0.063317561,0.157004048,0.217460488,0.186783975,0.140463089
145,0.046173765,0.000289978,0.304124793,0.683717003,0.1161732,0.206164729,0.689157301,0.056760098,0.364596672,0.145797105,0.014287945,0.404996683,0.16509915,0.559833175,0.348893427,0.062690753,-0.10127349,0.260248526,-0.029062217,0.072949497,0.326636058,0.130198243,0.181330295,0.226845374,-0.121097333,-0.035918441,0.128190391,0.055593234,-0.214595982,0.509068335,-0.01497202,0.202000143,0.094752565,0.130013249,0.144624304,0.122115611,0.0896575
