,Hip25,Hip17,Hip28,Hip19,Hip18,Hip20,Hip27,Hip26,Hip30,Hip24,Hip23,Hip22,Hip32,Hip31,Hip21,Hip29
,Hip-FCI,Hip-FCI,Hip-FCI,Hip-FCI,Hip-FCI,Hip-FCI,Hip-FCI,Hip-FCI,Hip-FCS,Hip-FCS,Hip-FCS,Hip-FCS,Hip-FCS,Hip-FCS,Hip-FCS,Hip-FCS
1,-0.491120013,-0.319319228,-0.150083195,-0.024778337,-0.022638373,-0.38071428,-0.22947977,-0.070785007,0.301605909,-0.342690953,0.569132505,0.513309816,0.100437555,-0.038603608,0.488090279,-0.271150551
2,-0.073568364,-0.24160446,0.179113326,0.982871976,0.014748745,0.448706399,0.521259791,0.123922459,0.112180838,0.353877582,0.096183335,0.104798701,0.165774001,0.377672628,0.788736507,0.310671289
3,0.162858937,0.768266343,0.2082378,0.13073306,0.115595572,0.061950771,-0.400118221,0.107015771,0.08357111,0.189488205,0.080222466,0.035067468,0.234789786,-0.449701019,-0.372880375,0.044586291
4,0.398509671,0.239452413,0.228179578,-1.234597184,0.463965589,0.759178593,-0.397147185,0.363504573,-0.030348768,0.168371584,-0.008042069,-0.043551279,-0.378368278,-0.307386571,-1.125400294,0.07157514
5,-0.224743493,0.049310515,0.308835087,0.575482606,0.321847224,0.25493659,0.603240853,0.200266861,0.116018859,0.165566986,0.047678192,0.238066209,0.139571386,0.403422029,0.346685987,0.129033872
6,-0.195570928,-0.302576197,0.076316405,0.085395331,-0.183320242,-0.652897265,-0.382667535,0.014893886,-0.48057682,-0.396456809,-0.287304634,-0.247975775,-0.015807496,-0.256864734,0.30946695,0.016029291
7,0.20069079,0.2620818,-0.114853112,-0.901911508,0.402601768,0.317917333,-0.548714447,0.058526689,-0.102448497,0.141669077,0.042455411,0.041731084,-0.349219757,-0.310748758,-1.231566729,-0.096667067
8,-0.067500289,-0.165514964,-0.356672807,-1.902578375,-0.144061569,-0.238501832,-1.099586784,-0.124561094,-0.301281529,0.221531282,0.199006157,-0.507701028,-0.227594088,-0.478948693,-1.273186287,0.194590314
9,-0.046492492,0.180696882,0.037807482,0.069369855,-0.142679817,0.069475422,0.05428733,0.198790573,0.243821772,0.324941105,0.331192858,0.29901134,0.172210143,0.169961164,0.629477088,0.007219262
10,0.252379149,0.319611408,-0.105891059,-0.177899237,-0.076409891,-0.424290821,-0.894906553,0.237833312,-0.226274875,0.011463586,0.347587843,-0.094644038,-0.22119206,-0.572399811,0.35030317,-0.173030021
13,0.437060528,0.303384956,-0.07548436,-0.987698982,-0.157950714,-0.276305083,-0.62249469,-0.069463483,-0.388941963,0.063823513,0.309573793,-0.596997433,-0.334424403,-0.580095718,-0.907879297,-0.19585675
14,0.336132808,0.111582194,-0.082044603,-1.117341964,0.168104565,0.173771531,-0.551199175,0.024527203,-0.121153535,0.423897452,0.224218848,-0.154575228,-0.353853568,-0.464415942,-1.077876771,-0.052796429
15,0.259077101,0.345773452,-0.166617073,-1.259405945,0.212284052,0.136780532,-0.775427031,0.094535607,-0.096115641,0.128028538,0.175825207,-0.224935366,-0.304760451,-0.685116106,-1.043834518,0.056479782
16,-0.130479721,-0.180375382,0.341890081,0.652035751,0.655956512,0.602425635,0.740663923,0.240420139,0.429388368,-0.168444209,0.077485807,0.737046162,0.151340151,0.527090293,0.239357136,0.066702547
17,-0.010140215,0.12429219,0.320985854,0.694084335,0.228760925,0.29613304,0.422526843,0.107803093,0.312963569,0.424350517,0.08757287,0.507218291,0.381498056,0.527840034,0.584662396,0.270456665
18,-0.100088154,0.035552118,-0.163485601,-0.116378356,0.491180621,0.754535187,0.340355723,0.053175715,-0.122661521,0.038601744,-0.214582073,0.316557804,-0.075414623,0.401449091,-0.518395306,-0.349931061
19,0.369603858,0.214312814,-0.159967999,-1.030217225,0.381682948,0.438274361,-0.7441427,0.193743328,-0.399473452,0.034616539,-0.018346967,-0.481757064,-0.802588057,-0.671958338,-1.198795626,-0.166882111
20,0.377279221,0.298147521,0.117799186,-0.358010465,0.162310684,0.091258431,-0.353736837,0.236514391,-0.307616991,0.350985448,0.105501108,0.085290526,-0.321356417,-0.404008247,-0.04260551,-0.286748384
21,0.623927667,0.184605794,0.027121339,-0.241740688,0.127356418,0.043887304,-0.042573349,0.367546747,-0.162349801,-0.279603344,-0.010541503,-0.12509196,-0.21193496,-0.313090877,-0.142720208,-0.339228415
22,0.208070532,0.105392186,-0.149600294,-0.429944667,-0.383895159,-0.193089829,-0.690706442,-0.037143488,-0.326481057,0.444705291,0.318240451,-0.053489392,-0.163862873,-0.435500424,0.201050262,-0.241779591
23,0.020589098,0.273840899,0.111540038,0.06930365,0.142415468,-0.009121795,-0.258369918,0.131757754,0.038667034,0.170282637,0.085396943,-0.200457562,-0.096212061,0.033937797,0.29937875,0.188643898
24,-0.10690535,0.004219228,0.168018264,0.160983804,0.038029755,-0.345218374,0.485417404,0.178500182,0.239414902,0.201790219,0.299482973,0.052270384,0.21924405,0.428863095,-0.001690461,-0.02994428
25,0.142608282,0.312156496,0.116012019,0.384725959,-0.040541093,0.402474086,0.575693675,-0.109059975,0.265972852,0.256662892,-0.018663639,0.266815462,0.185226453,0.330303757,0.03855872,-0.226795454
26,-0.369532068,-0.26263343,-0.264631089,-0.229585925,-0.285869253,-0.106204156,-0.499183643,-0.34418114,-0.416022933,-0.270675953,-0.279865994,-0.327629564,-0.049138576,-0.326639879,0.018154224,-0.081326644
27,-0.361041826,-0.268776248,-0.102741932,0.379834582,-0.046361641,-0.236065123,-0.030043246,-0.018231139,-0.449039044,-0.509728314,-0.386543861,-0.307235112,0.083237949,-0.117454718,0.406751875,0.114806542
28,0.049550245,0.082196874,-0.071749452,-1.197285634,0.399171425,0.511133879,-0.158481775,0.275684323,0.076437114,0.148615422,0.050341331,0.164591358,-0.112241101,0.088548121,-1.014659503,-0.063047634
29,-0.248062461,-0.051436474,-0.420974041,-0.526894455,-0.456224823,-0.745423542,-0.751074554,-0.437379057,-0.051570614,-0.441093166,0.219971669,-0.334191653,-0.327174959,-0.378032325,-0.491462051,-0.095386944
30,0.253143768,0.231034774,0.003171073,-0.163189052,0.108256226,-0.213006131,0.078373493,0.019787882,0.197481274,0.040706776,0.185569336,0.281207474,0.148780383,0.324634544,-0.163539624,0.381866709
31,-0.619879423,0.444316847,0.192478573,0.481082503,-0.582702952,-0.510289254,0.115621283,0.428840528,-0.202592027,0.523431839,-0.129256853,-0.437158726,0.593525083,-0.240385723,0.15663569,0.240269408
32,0.257928905,0.124769352,-0.053376267,-1.347900966,-0.004434946,0.073949392,-0.832436064,-0.177663249,-0.24021175,0.143963798,0.107375764,-0.383829009,-0.337488887,-0.687390598,-1.442053876,-0.041709046
33,-0.110749233,-0.064177337,-0.444748515,-1.220456831,-0.433126239,-0.562897892,-0.720661946,-0.213465572,-0.31011767,-0.257125915,0.063718585,-0.45968256,0.022213809,-0.566823467,-0.557197826,-0.132871852
34,-0.664536919,0.543088429,0.23753964,0.467766713,-0.64956473,-0.497467484,0.076852467,0.485078723,-0.167550619,0.494108643,-0.197612009,-0.513819554,0.598678739,-0.251606875,0.275275502,0.245239014
35,0.362230997,0.339716082,0.043310553,0.037995626,0.040374889,0.180800766,0.042620672,0.344973365,-0.047700883,-0.020262472,-0.00516169,-0.236380751,-0.159790991,-0.397090166,0.000202451,-0.401863851
36,0.04422492,0.004381075,-0.087395965,-0.246771238,-0.141273336,0.055498721,-0.049483014,0.147077501,-0.090667688,-0.064390901,-0.377933866,-0.409192762,0.092258049,-0.275586228,-0.204848774,-0.229114815
37,0.05556309,-0.09549013,-0.158312279,-1.4102357,0.047232856,0.138344011,-0.95200066,-0.056877089,-0.509776662,-0.109705349,-0.141427293,-0.62790228,-0.418958487,-0.839178208,-1.300368859,0.062852739
38,0.263543552,0.048832238,0.132646137,-0.399098091,0.419917174,0.651141925,0.044198061,0.138569034,0.141992749,0.389700138,0.077286612,0.101905391,-0.175972474,0.175557714,-0.769438677,0.147298149
39,0.318690005,0.250519054,0.477272849,0.613800031,0.322634372,0.307380861,0.517045119,0.176433429,0.467764176,0.377588126,0.469199358,0.363139619,0.424383825,0.576427713,0.444903286,0.528172222
40,0.176966624,-0.12081419,-0.377345759,-0.814093813,-0.072233682,-0.599779644,-0.832797387,0.098133801,0.025993873,-0.302858484,0.206585744,-0.434187707,-0.255841256,-0.366070433,-0.29348129,0.071928143
41,0.017127894,-0.185820464,-0.042169943,-0.538936036,-0.017214855,-0.473371021,-0.472238116,0.062007822,-0.685413552,-0.860736575,-0.504351143,-0.592428973,-0.108057784,-0.830900719,-0.489458676,-0.332029226
42,0.242707806,0.152859798,-0.289381294,-1.581304285,0.149263867,0.241751828,-0.778604268,0.057949909,-0.372998885,0.037735121,0.217293389,-0.505689407,-0.524974251,-0.878999011,-1.342289848,-0.147635415
43,-0.156940229,-0.080159437,-0.210156765,-0.772541248,-0.18223448,-0.283955081,-0.666000535,-0.048580267,-0.473243768,-0.740828166,-0.271573458,-0.600547115,0.032644502,-0.726937094,-0.464514195,-0.075556763
44,0.331969959,0.428423084,0.651856295,0.845421591,0.535374196,0.602724711,0.789750098,0.410402523,0.657359563,0.423035811,0.371247506,0.447114771,0.436967406,0.768516015,0.633043667,0.591999329
45,0.383584736,0.238770649,0.255036192,-0.196385534,-0.280099768,-0.82260036,-0.613208279,0.048724691,-0.261956432,0.058514846,0.188823781,0.093616062,0.088921414,-0.098072972,0.166551759,0.031538512
46,0.014460487,0.072916479,-0.008197536,-0.591988016,-0.025189615,-0.645130779,-0.76873358,0.212387135,-0.445564635,-0.825729844,-0.101775274,-0.44934303,0.089254479,-0.839448069,-0.193456755,0.025673063
47,-0.143117166,-0.257026363,-0.248879876,-0.520421295,-0.281338993,-0.496111957,-0.645098508,-0.067507463,-0.402209376,-0.258971377,-0.058808079,-0.465549564,-0.029424198,-0.387289014,0.130399011,0.075549023
48,0.077281269,0.002593169,0.227830334,-0.229302561,0.506551392,0.804304566,0.357459298,0.132474435,0.226778414,0.189949987,-0.06895508,0.046901121,-0.103002019,0.148110049,-0.56555149,0.34670694
50,0.219587752,0.061469565,-0.08271379,0.065630178,0.065685282,0.052190665,-0.419978356,0.232131847,-0.190948089,-0.135711447,0.030496133,-0.256346569,-0.319852789,-0.380192991,0.432572278,-0.020808538
51,0.292949552,0.146107704,0.405818935,0.406548926,0.108523893,0.11705796,0.279443116,0.032160192,-0.272698605,-0.149250621,-0.097836144,-0.236556693,-0.295142613,0.122376551,0.134538464,0.000338503
54,0.151097191,0.285284966,0.18626603,0.061774465,-0.240654234,0.311483403,0.300775564,-0.055087835,0.114280958,0.41395519,-0.048746438,-0.016301652,0.098572467,0.050545246,-0.086533799,-0.171548004
55,-0.248611371,-0.256994656,-0.650439154,-1.263297179,-0.640283104,-0.544719783,-1.056075951,-0.308476166,-0.392239612,-0.20753001,-0.040041813,-0.498753343,0.054278819,-0.666140221,-0.360815372,-0.020902292
56,-0.301105085,-0.423701637,-0.378127174,-0.470227006,-0.299991514,-0.519809344,-0.80900115,-0.236377634,-0.507267705,-0.211588905,-0.147805899,-0.382241127,0.162448715,-0.279417531,0.220075448,0.165978555
57,-0.045171464,0.079171182,-0.030275945,-0.559406922,-0.064287641,-0.527924309,-0.865042912,-0.029722943,-0.678173665,-0.697550997,-0.259636953,-0.665145692,-0.30053881,-0.798186753,-0.356523716,-0.214715523
58,0.199228954,0.058579441,-0.233518963,-0.457988085,0.019659162,-0.13010652,-0.448847576,-0.140063848,-0.078859813,0.031555073,0.09443879,-0.162981937,-0.075513711,-0.318866747,-0.288318221,0.038502103
59,0.264731514,0.182931475,0.056953243,-0.593150237,0.425039595,0.302941103,-0.055755439,0.052773909,0.330543953,0.427795712,0.35440712,0.361351048,-0.115444257,0.214729533,-0.624916041,-0.176609904
60,-0.290881064,-0.098047828,-0.630351953,-0.854098704,-0.543624192,-0.703680612,-1.02264023,-0.154201726,-0.539535538,-0.59451606,-0.060713013,-0.58488033,-0.049741325,-0.739004583,-0.326108446,-0.267297314
61,-0.101149937,-0.236797544,-0.260006768,-1.132863946,-0.2505486,-0.356322284,-0.75053734,-0.180964501,-0.453373229,-0.153911316,-0.132718804,-0.754405641,-0.124350394,-0.437294945,-0.363767555,0.108695268
62,0.06109995,-0.019200039,-0.369145894,-0.135627747,0.202279355,0.328487953,0.218752786,-0.044845028,-0.243297708,-0.614644213,-0.093813922,-0.075748244,-0.257014527,0.046676052,-0.458914191,-0.49145066
63,-0.539245014,-0.591501826,-0.037046117,0.774398227,0.349772995,0.695860915,0.943500419,-0.074120838,0.40157147,-0.424775614,-0.05740131,0.800204705,0.036100999,0.715820283,0.359453348,0.085411806
64,-0.313666585,-0.178416504,-0.681120981,-1.361373024,-0.609928159,-0.668442888,-1.033908965,-0.390420918,-0.187893802,0.101685391,0.318398155,-0.304566391,0.16305514,-0.425727652,-0.319775931,0.33175013
65,0.353072716,0.405939162,-0.055551623,-0.407928486,-0.212378513,-0.23140085,-0.769032388,0.324062568,-0.277918917,0.167098177,0.341311529,-0.168932745,0.005626177,-0.531048779,0.013159909,-0.173938377
66,0.310880541,0.225191166,0.053100146,0.06609103,0.113561189,0.353619926,0.25636799,-0.043539057,0.047329907,0.008707381,-0.063001534,0.119126315,-0.026419566,0.136046277,-0.280323556,-0.332107708
67,-0.241847205,-0.239512698,-0.421207374,-0.612145338,-0.334819114,-0.711471774,-1.044504421,-0.198314527,-0.499633532,-0.390378233,0.007372106,-0.508409812,0.032925617,-0.629852907,0.02308403,-0.097310423
68,0.06220228,0.201587923,0.050562049,-0.054657916,0.097093368,-0.140994697,-0.036170062,0.153484213,0.174267378,0.14447499,0.166749045,0.16719515,0.277770978,0.216919757,0.067175866,0.241185098
69,-0.005928871,0.125837306,-0.110456569,-0.531662395,-0.090640021,-0.54259595,-0.505973301,0.225795784,-0.008659061,-0.000559256,0.299458456,0.185609772,0.104793225,-0.065318954,-0.218236247,0.447363489
70,-0.25358648,-0.331215148,-0.426649332,-0.541712624,-0.454559612,-0.514633915,-0.901168194,-0.385374826,-0.56578935,-0.325304944,-0.174561686,-0.637380626,-0.180272722,-0.728750916,-0.059131997,-0.094145918
71,0.600286065,-0.111041419,-0.324093816,-1.38860605,0.591408463,0.035430246,-0.87140039,0.53244733,0.134578066,-0.343424588,-0.184269329,-0.134236283,-0.299884707,-0.2645381,-0.639947214,0.013963689
72,0.202398873,-0.002340004,-0.053533356,-1.441574942,0.057767733,0.049937182,-0.577402755,-0.195478098,-0.264161761,0.208776677,0.120643906,-0.297252473,-0.132010782,-0.476920557,-1.251288512,-0.013426145
73,0.185077029,0.457353978,-0.081218665,-0.92863943,0.12959971,0.120360726,-0.802790001,0.205114638,-0.070207929,0.194157147,0.280878411,-0.244227931,-0.167576553,-0.717929776,-0.910671407,0.080695243
74,0.273935663,0.190260556,-0.098393898,-0.606651807,-0.122207827,-0.775442345,-0.965046324,0.013118945,-0.178575717,-0.397265034,0.111926673,-0.269462028,-0.17458944,-0.718067221,-0.225133014,-0.182593363
75,-0.06195387,-0.440755785,-0.331602388,-0.732698938,-0.261507222,-0.310041568,-0.362812512,-0.215655021,-0.557991448,-0.389049394,-0.474301023,-0.657183491,-0.019416038,-0.564932408,-0.854226292,-0.075770051
76,-0.132043399,0.037830778,-0.226554151,-0.51371843,-0.280466794,-0.299096943,-0.44053437,0.018119,-0.235838083,-0.049242422,0.063055363,-0.336651606,-0.187161408,-0.374629617,0.032019094,-0.258964054
77,-0.15470666,-0.086429013,-0.541444568,-1.162103758,-0.460371348,-0.364994239,-0.816672698,-0.234629609,-0.54915091,-0.471367258,-0.291720629,-0.67540017,-0.162453243,-0.775432263,-0.731402088,-0.224319147
78,-0.407911968,-0.268476946,-0.268731828,-0.215644911,0.136748446,-0.48795849,-0.244687355,-0.173111576,0.202467446,-0.351136661,0.497816659,0.575126233,-0.07685752,0.11371818,0.332934495,-0.375226855
79,-0.228797078,0.11319514,0.130712209,1.405197831,-0.195538615,0.058095232,0.736708605,0.108846869,-0.195557657,0.470467017,-0.185441536,0.032947146,0.427357183,0.263087906,0.291966421,-0.015538696
80,-0.252193039,-0.14492773,-0.494495895,-0.947115094,-0.401284256,-0.034326701,-0.514171348,-0.190901023,-0.384903909,-0.241044574,-0.345470464,-0.629254588,-0.041794025,-0.615992003,-0.58843348,-0.122459934
81,0.233131817,0.164149535,-0.128267784,-0.376179671,-0.114932258,-0.590049409,-0.428197092,0.085682824,-0.103430818,-0.075600604,0.131092097,0.143773545,-0.01839749,-0.301331951,0.32025789,-0.055144252
82,0.045403441,-0.022088276,-0.066798463,-1.008563115,0.731458199,0.609306959,-0.386310911,-0.10222829,0.265491954,-0.181213024,0.345469657,0.372326561,-0.154282146,-0.016556717,-0.936312026,-0.478132494
83,-0.051340082,0.073006707,-0.170767337,-0.497147843,-0.177790351,-0.834448079,-0.788045294,0.005642451,-0.406932146,-0.511241332,-0.025701336,-0.422043087,-0.106912261,-0.744191065,-0.208051936,-0.072379042
84,-0.107975998,-0.03740643,-0.273094606,-0.905750639,0.007317989,-0.085310588,-0.558350753,-0.10249951,-0.296667141,-0.309937029,-0.309488961,-0.673051619,-0.318308314,-0.611571763,-1.220430496,0.090015418
85,0.146298784,-0.007787196,0.084900544,0.146538531,-0.024556503,-0.108346543,-0.157518802,-0.118543908,0.246655936,0.234513253,0.347772413,0.154384521,-0.104597619,-0.00323183,0.173135219,-0.236943662
86,-0.425461294,-0.27336438,-0.516702382,-0.719054809,-0.451008002,-0.488660454,-0.558911125,-0.290770066,0.183501422,0.282206573,0.475763423,0.085841216,0.067366847,0.317659549,-0.016544525,0.21759935
87,0.012634555,-0.083110923,-0.184045322,-0.626795101,-0.418197299,-0.426490508,-0.890239598,-0.033786153,-0.602806782,-0.390568885,-0.200045636,-0.716024249,-0.113076507,-0.704853526,-0.190865026,0.049964253
88,-0.478264012,0.588482414,0.297227763,0.94286941,-0.386895753,-0.248574011,0.268214731,0.299522255,-0.147429185,0.322791557,-0.230452236,-0.263321259,0.658275371,-0.138480215,0.289457834,0.113994645
89,0.28753657,-0.022657604,0.085889387,-0.127627112,0.218120908,0.241222077,0.044719112,0.058942836,0.019070409,0.315067779,0.252710441,0.075558058,-0.252763061,0.038131391,-0.121370996,-0.007675442
90,0.218822798,0.175719328,-0.048638705,-0.033302535,-0.133012858,-0.278776211,-0.241686758,0.018037139,0.060933138,-0.053912056,0.222875175,0.088606919,0.086999272,-0.23486101,0.195318147,-0.242894864
91,0.526676881,0.171288877,-0.093051934,-0.199694994,0.424781488,0.226664612,0.093933923,-0.2009507,0.105601818,0.160635106,0.090309513,-0.411640861,0.022812867,-0.065206351,-0.257048017,0.194719077
92,0.148691946,-0.073256442,0.049082438,-0.183134814,-0.146509379,-0.080630752,-0.380611924,-0.04225695,-0.171423056,-0.011925357,-0.018760042,-0.093458013,-0.083230869,-0.420937908,0.165490029,-0.010848257
93,-0.350661768,-0.335718256,-0.572659285,-1.104460666,-0.536939687,-0.625718939,-1.028492142,-0.283555685,-0.388138461,-0.273512804,0.02919654,-0.468263322,0.057576574,-0.586767222,-0.303534755,0.189676904
94,-0.049430393,0.024045632,0.131213031,0.327187882,0.097167415,0.115824867,0.3386477,-0.006886869,0.171194033,0.170771791,0.055652071,0.186684108,0.202540481,0.264967911,0.25927485,0.114712482
95,0.152519459,0.17443865,-0.204147026,-1.274112129,0.288260965,0.626303994,-0.522465831,0.120201276,-0.256974047,0.051627003,-0.090511814,-0.32043304,-0.416665407,-0.610660916,-1.149309133,0.023343969
96,-0.178956902,-0.167576504,-0.640268004,-1.139956449,-0.545416841,-0.526513266,-1.220445834,-0.359659082,-0.729448808,-0.34998093,-0.156239806,-0.738140444,-0.169857323,-0.939020995,-0.319710803,-0.220342092
97,-0.058985737,0.060241477,0.090726594,0.266666629,0.072303836,-0.194595609,0.252482273,-0.063860802,0.268753935,0.231916138,0.200457797,0.28341471,0.088276132,0.229993052,0.216230366,-0.046676086
98,-0.520092028,-0.178372283,0.13781052,0.931559987,-0.335487025,-0.284933075,0.6095995,-0.094888322,0.158321023,-0.210713262,0.13266377,0.122175173,0.234389238,0.641394197,0.733491073,0.18953418
99,0.416352371,-0.01620108,-0.146290812,-0.225347244,-0.3254154,-0.234723848,-0.398520542,-0.033440187,-0.234020421,0.072134567,0.199638608,-0.124086255,-0.162629887,-0.332196343,0.158354712,-0.401145779
100,-0.400382821,-0.149468,-0.068119373,0.310278096,-0.402640692,-0.495408974,-0.004701237,-0.09279774,-0.01948253,-0.216384291,0.177715689,-0.035374896,0.062988872,0.152357536,0.442097503,0.059379575
101,-0.459103356,0.446253497,0.299961361,0.379991723,-0.339752692,-0.192353858,0.053920517,0.445102208,-0.044496857,0.447245513,-0.019083017,-0.325078795,0.499596383,-0.099292167,0.116491783,0.200534006
102,-0.413064413,-0.378261788,-0.207729868,0.240556114,-0.163638258,-0.949007383,-0.227927811,-0.611408568,0.083932243,-0.28664831,-0.250172789,-0.302243033,-0.290585142,-0.065886417,-0.253000541,-0.50317533
103,0.285820735,0.190188224,-0.26814964,-1.451186494,0.266014665,0.251023134,-0.944203355,0.07465336,-0.284552081,0.074839161,0.148876191,-0.339263176,-0.583334216,-0.781058849,-1.216072718,-0.111163349
104,-0.087468437,-0.005337008,-0.102987311,-0.06509386,0.080435813,0.463117977,0.200680505,-0.035714834,-0.10453782,-0.170188524,-0.377892226,-0.363324576,-0.031436449,-0.335160983,-0.30754726,0.055541305
105,0.163937673,0.106986482,-0.361607521,-1.206390945,0.115700921,0.261716713,-0.885359738,-0.012552991,-0.245621782,-0.098943295,-0.044568048,-0.301880576,-0.245254494,-0.699064781,-0.96305177,-0.026582571
106,-0.159082024,-0.040530719,-0.102334638,-1.046096507,-0.048644858,-0.47573352,-0.746081438,0.050165299,-0.172049375,-0.049604984,0.217379776,-0.327183796,-0.050822915,-0.474503785,-0.068812985,0.202217054
107,-0.261142032,0.006653271,-0.259138322,0.079274215,-0.457792114,-0.18845641,0.027243418,0.223352935,-0.083387703,-0.032715207,0.256478541,-0.172438673,0.09711955,-0.025682422,0.336602446,-0.209128289
108,0.3039659,0.26793966,-0.187781367,-1.25248433,0.268956909,0.471187609,-0.434850381,0.176439289,-0.04514231,0.293326267,0.136375349,-0.030166545,-0.298688393,-0.401778158,-0.921543986,-0.057998318
109,-0.266707544,0.012875894,0.224052482,1.451265581,0.052736539,0.211414893,0.895556122,0.027298098,-0.167005895,0.250514557,-0.308083157,0.179676731,0.229404596,0.443655618,0.410491011,-0.148884602
110,-0.050755185,0.054123171,0.086842302,0.591559859,0.090637235,0.390032096,0.509516854,0.046795247,0.51911227,0.416215676,0.428633247,0.310250507,0.045379845,0.45744261,0.354369226,-0.004895328
111,0.030468527,0.25877475,-0.097502526,-0.59163211,-0.163311762,-0.23841557,-0.035068823,0.153187025,0.178752144,0.195135381,0.138817625,0.284041014,0.156526827,0.027757274,0.051391649,0.127750838
112,-0.031152769,-0.044136599,-0.263964597,-0.239008814,-0.262157726,0.234863907,-0.338289537,-0.120888413,-0.208925923,-0.274526426,-0.215235313,-0.324694277,-0.092777873,-0.399689216,-0.11264288,-0.129955581
113,-0.498588264,-0.41351152,-0.381521453,-0.084287789,-0.384171987,-0.494584154,-0.093411705,-0.422587532,-0.27678355,-0.337967053,-0.39960635,-0.43431285,-0.264541139,-0.100733377,-0.238639947,-0.315109043
114,-0.165002979,-0.102893062,-0.195714061,-0.634573599,-0.261367875,-0.556285378,-0.446409739,-0.133011286,-0.411728041,-0.54839366,-0.047859242,-0.438240456,-0.118187243,-0.500334638,-0.249688367,-0.347989687
115,0.046577382,-0.013990473,-0.086655633,-0.514570801,0.176384147,0.354070484,-0.374107511,-0.036338927,-0.390303984,-0.145633459,-0.192470031,-0.477608398,-0.402028354,-0.507281074,-0.890334826,-0.080853179
116,0.422518502,0.173495402,0.207871219,-0.513219102,0.600692272,0.465162293,0.078987181,0.297906042,0.236760699,0.268782037,0.176417779,0.048071435,-0.282717287,0.016162795,-0.741066313,-0.039143762
117,0.424565947,0.245250589,0.028131008,-1.153751909,0.525527489,0.492943889,-0.317578113,0.39836648,-0.103926574,0.190926619,-0.015572858,-0.098569668,-0.357096923,-0.386249825,-1.063236545,-0.168054
118,-0.350640649,-0.366776702,-0.113989468,-0.51485408,-0.647708123,-0.366535776,0.000271186,-0.223106483,-0.498656625,-0.559043834,-0.366359135,-0.466014152,0.074145546,-0.164861445,-0.291560747,0.072485441
119,0.279682728,0.233091285,0.073148172,-0.682516207,-0.361190191,-0.339927418,-0.929357201,0.014347468,-0.598736396,-0.310332214,-0.166673904,-0.707839047,-0.288672234,-0.975975829,-0.244785925,-0.119443479
120,0.161420318,0.175843358,0.160582446,0.401089854,0.029871894,-0.045047009,0.345910262,0.102963431,0.26114694,0.356689172,0.319792187,0.324969678,0.281710341,0.472687746,0.331824781,0.022076195
121,0.262679288,0.160822723,-0.168667129,0.000606659,-0.194913795,-0.288397526,-0.344177703,0.093672301,-0.202273655,0.022244614,0.268917721,0.085829822,-0.125667645,-0.332103015,0.523624086,-0.335271543
122,0.284902514,0.059903416,-0.009644762,-0.405072117,0.242807982,0.049529596,-0.245712993,0.18121611,0.626753354,0.400186444,0.357288732,-0.209921715,0.127564718,0.052539707,-0.192827071,0.106181961
123,0.067359201,0.125199766,0.179461238,0.342586182,0.140177368,0.068499281,0.343220288,0.091772339,0.191514732,0.142943912,0.138213534,0.199221741,0.153793071,0.292528547,0.203608143,0.101325759
124,0.235007893,0.150909862,-0.255239433,-1.099945835,0.247188906,0.303615402,-0.921936741,0.00939632,-0.300611441,-0.047328599,-0.032748545,-0.431856878,-0.492727828,-0.789902416,-1.075168429,-0.04147429
125,0.028427798,-0.189492132,-0.156996942,-1.266756262,-0.176571331,-0.375129011,-0.856847455,-0.101281952,-0.42848285,-0.101339138,-0.062710697,-0.846547336,-0.123958631,-0.458617716,-0.517368934,0.342363144
126,0.122916463,-0.229454707,-0.23926045,-0.953194258,-0.231752313,-0.514461435,-0.734868183,-0.123525158,-0.47273073,-0.184300698,-0.132006339,-0.847384077,-0.211427936,-0.509185228,-0.443786461,0.056972595
127,0.305325695,0.336154858,-0.382991022,-0.725892887,-0.220411135,-0.435271217,-0.635126876,0.038056528,-0.147924508,-0.08839578,0.295107885,-0.114592414,-0.105586476,-0.453952876,-0.276594568,-0.340705517
128,0.002897884,0.165194069,-0.159815295,-0.710677141,0.398258226,0.52915766,0.0650663,0.148890686,-0.006460926,0.144426616,0.010009477,0.235491857,-0.05539383,0.207441371,-0.827647733,-0.242806369
129,-0.194903886,-0.291677532,-0.496644769,-0.801910166,-0.324964957,-0.703950285,-0.991356964,-0.182015218,-0.364593105,-0.328074146,-0.193848137,-0.572376034,0.031233499,-0.563235893,-0.211123837,0.052847802
130,0.582133494,0.20233474,-0.138621939,-0.547934946,0.171919934,-0.383144113,-1.025698113,0.275890078,-0.014112744,-0.212377036,0.122620079,-0.115992482,-0.129346419,-0.613896165,0.059534963,-0.071681831
131,0.225680625,0.274558661,-0.081809221,-0.97091656,0.374556715,0.578956812,-0.405034586,0.04546288,-0.119687452,0.292388639,0.043082769,-0.037857686,-0.353365421,-0.355019072,-1.141669942,-0.242197771
132,0.201507548,0.156006961,0.196641346,0.589668859,0.280080724,-0.1183589,0.196086488,0.153324896,0.290416282,0.035519124,0.081325777,0.412593204,0.239012782,0.340100622,0.538723524,-0.223007793
133,0.357554197,0.194748899,0.037719515,0.266758262,0.2025883,0.126464389,-0.260309089,0.244492384,-0.49006826,-0.157407728,-0.042559309,-0.0418333,0.104294463,-0.400743131,0.376297579,-0.077379069
134,0.17623621,0.26093286,0.069939208,0.349154148,-0.02441434,-0.253092533,0.178416275,0.194444431,0.324885331,0.165224746,0.418536534,0.30913639,0.111694654,0.076168412,0.621444781,0.046476647
135,0.380432738,0.43267183,0.398758405,-0.486537515,-0.25279481,-0.271355384,-0.954792736,-0.008440186,-0.6288955,-0.272386298,-0.136104644,-0.561306433,-0.376183474,-1.275932268,-0.148905241,-0.075418163
136,0.39142758,0.324080154,-0.227101942,-0.776235258,0.03841474,-0.289998715,-0.664612912,0.185961836,-0.209350296,0.114615125,0.354454592,-0.054598827,-0.183160843,-0.402530802,-0.133856798,-0.070579466
137,0.471362069,0.449246732,0.01207912,-0.522009824,-0.207394682,-0.203047713,-0.846536065,-0.008707652,-0.559146476,-0.148646207,-0.066712541,-0.411404197,-0.459207768,-1.128811639,-0.18643934,-0.137458897
138,0.381477169,0.342699554,-0.187697451,-1.050549531,0.228757094,0.166465501,-0.506862627,0.167339168,-0.023780273,0.042858491,0.133156218,0.050922912,-0.221101916,-0.445357365,-0.554716777,-0.216122872
139,0.227818985,0.487035483,0.061604333,-0.4698476,0.201254423,0.163442861,-0.278635253,0.210888006,0.111409894,0.33494831,0.235519528,0.054187106,-0.030756203,-0.359455746,-0.722829178,0.090798621
140,-0.341824199,-0.178827276,-0.360322816,-0.129424187,-0.321084748,0.108017565,-0.313327082,-0.128590291,-0.248785754,-0.325204726,-0.28443005,-0.413075215,-0.019283003,-0.358994978,-0.082259486,-0.112874357
141,-0.125305152,-0.195089545,0.337524885,0.4394626,0.312371146,0.369714807,0.56816104,0.043132051,0.215804294,0.048385,-0.224007918,0.11683749,0.176965545,0.544348019,0.102884077,0.366701597
142,0.015628849,-0.15962345,0.168430098,0.576934691,0.200316786,0.031741307,0.307544806,0.126750348,0.261099253,-0.019867029,-0.029920573,0.243918851,0.075977199,0.181216504,0.272184888,0.075425558
143,0.041817501,0.027166188,0.360347566,0.493032355,0.09267569,0.150289839,0.202799404,0.12045542,-0.342664015,0.073420376,-0.287309976,-0.570748971,0.06324531,0.076323495,0.39358401,0.300354825
144,-0.220959466,-0.108255534,0.030043426,-0.366506634,-0.105232228,0.06831211,0.096532178,-0.017679665,-0.001646664,-0.158148876,-0.214920566,-0.112042592,0.187292842,0.018965674,-0.131945212,0.114777352
145,0.046173765,0.000289978,0.304124793,0.683717003,0.1161732,0.206164729,0.689157301,0.056760098,0.364596672,0.145797105,0.014287945,0.404996683,0.16509915,0.559833175,0.348893427,0.062690753
