,Hip13,Hip5,Hip10,Hip9,Hip1,Hip2,Hip6,Hip14,Hip8,Hip11,Hip3,Hip16,Hip4,Hip15,Hip12,Hip7
,Hip-NOI,Hip-NOI,Hip-NOI,Hip-NOI,Hip-NOI,Hip-NOI,Hip-NOI,Hip-NOI,Hip-NOS,Hip-NOS,Hip-NOS,Hip-NOS,Hip-NOS,Hip-NOS,Hip-NOS,Hip-NOS
1,-0.6879328,0.494106426,-0.014501217,-0.016811116,0.315003593,0.160144924,0.551589521,-0.352758467,-0.704114737,-0.716656234,0.349504036,-0.026962245,0.267106017,0.222840455,0.095591145,0.195596784
2,-0.76078021,0.328729787,-0.14907007,0.091603977,0.054179326,-0.262517071,0.376716407,0.34977026,-0.210138784,-0.227884271,0.154529406,-0.067913831,-0.086493494,0.160616537,0.059307375,0.018240637
3,0.072737445,0.083288069,0.500669545,0.200602203,0.109233805,-0.051489619,-0.018724184,-0.082979639,0.267531199,0.340854038,-0.094760573,0.39918717,-0.104091612,-0.328837748,-0.003167861,0.308292248
4,0.065710936,0.759654925,0.182432492,0.305371729,0.16903105,0.16174644,-0.180402223,0.36660169,0.561901629,0.334236164,0.033761374,0.414596381,0.672533443,0.092914252,0.737481634,0.186953671
5,-0.095675594,0.054500717,0.027965063,0.144016453,0.394250748,0.075604088,0.451218936,0.398789839,-0.497699847,-0.112013009,0.096787948,0.126051831,-0.201772011,0.614313387,0.183375863,0.086720823
6,-0.50317099,-0.766967294,-0.072606031,-0.007584824,-0.182388084,-0.210121409,0.101130468,-0.316402501,-0.372439598,-0.451780778,-0.180684811,-0.173279525,-0.300012342,-0.183696745,-0.081670629,-0.047825152
7,0.224378799,0.676915296,0.268870362,0.214289147,0.659791228,0.579636256,-0.097530658,-0.051628366,0.500832883,0.230795417,0.365767702,0.39970742,0.719672637,-0.27014271,0.404495482,-0.280126745
8,-0.022849576,0.119567864,0.009010113,-0.177214716,0.062098297,-0.024883279,-0.027514001,-0.264771994,-0.003804861,-0.134184429,0.176686792,-0.132455509,0.810342346,-0.78528669,0.184097647,-0.327167543
9,-0.207924667,0.050189625,-0.047887616,-0.000981499,-0.050133145,-0.081683216,0.072678909,0.048982073,-0.081016362,0.190792902,0.146631544,0.084131869,0.001641348,-0.177511527,-0.20565222,0.152518935
10,0.149794544,-0.401534335,0.014945562,0.119808225,-0.1170799,-0.063504152,-0.196953221,-0.323483622,0.342861333,0.538180113,0.011967992,0.087545824,-0.081175581,-0.468110354,-0.002317233,-0.143942741
13,0.882442258,-0.062537268,0.433799371,0.22840539,-0.220918264,-0.021927723,-0.431651248,-0.265797164,0.752810569,0.662978041,0.180025398,0.057865996,0.360813032,-0.60066134,0.092633009,-0.375392906
14,0.197688185,0.48737563,0.288231777,0.166342213,0.315475122,0.262406619,-0.148673023,-0.179345239,0.5002136,0.262048021,0.230519447,0.164100438,0.581369007,-0.400330908,0.285838715,-0.174980722
15,0.491001517,0.313173828,0.337342185,0.118705819,0.096743256,0.178769516,-0.096438046,-0.179117819,0.434735956,0.370370631,0.013236716,0.296380907,0.405044554,-0.518862584,0.205494455,-0.216537052
16,-0.880482123,0.676894806,-0.035930541,0.361323196,0.799871781,0.619068985,0.68947309,0.362067684,-0.583096288,-0.55014014,0.419835115,0.376153617,0.077166451,0.920785888,0.513581536,0.72146622
17,-0.60311738,0.418924364,0.006557655,0.13761415,0.206018422,0.072098682,0.397850506,0.249924253,-0.290314785,-0.020751047,0.389637477,0.150154212,-0.131126046,0.294369921,0.054816424,0.27187292
18,-0.575908753,0.805412179,-0.332200392,0.076934186,0.9673566,0.737681196,0.391399363,0.293215839,-0.171135261,-0.288353727,0.496004902,0.362631465,0.884977938,0.386423377,0.595493733,0.305313013
19,0.173925611,0.522006132,0.22218233,0.211528241,0.044141855,-0.055393415,-0.205768262,-0.011142861,0.757988156,0.425742926,0.083570175,0.166000095,0.642703027,-0.320263176,0.499482281,0.034501228
20,0.165637717,0.021467671,0.288205175,0.416857767,-0.031202553,0.027792713,-0.034790749,0.046308549,0.503071408,0.534903053,0.026512892,0.348861179,0.049595834,-0.057305168,0.218242746,0.004771365
21,0.381564669,0.332032872,0.247743372,0.214367452,-0.26347357,-0.053707743,-0.363077496,0.090337431,0.624393162,0.367977631,-0.063815331,0.296971993,-0.014036687,-0.048154076,0.196645287,0.052536413
22,0.152660888,-0.527548048,0.020726559,0.028062741,-0.225848697,-0.176790703,-0.343701904,-0.271525831,0.12883392,0.394734988,0.039051209,-0.19320653,-0.046600038,-0.460165182,-0.076778484,0.025508823
23,0.066596703,-0.369136655,0.064929965,0.271887161,0.145850841,0.230740094,0.0542618,0.326311171,-0.152427157,-0.064666132,0.177069497,0.154007495,-0.220110682,0.15409071,0.198744349,-0.204178041
24,0.133729097,-0.242159986,0.037197726,0.087967875,0.396202999,0.433801243,0.296311738,0.06291777,-0.139114002,0.036499292,0.553861903,0.055278503,0.410120814,0.108750703,0.417609961,0.161373274
25,0.397689825,0.210073742,0.114181188,0.002553088,0.023681483,0.006440128,-0.105128574,0.217179205,0.150317908,0.337968329,0.120154185,0.097571817,-0.409977979,0.282806992,-0.238046809,0.125343662
26,-0.178879377,-0.839733246,-0.025499517,-0.140579473,-0.281243194,-0.21935016,-0.045922398,-0.265432171,-0.435144849,-0.30827596,-0.389060496,-0.249322388,-0.253604376,-0.377091388,-0.320093956,0.007105426
27,-0.543362335,-0.989231484,-0.294268843,-0.161012574,-0.166440346,-0.209386578,0.117656679,-0.138803913,-0.554730406,-0.422959963,-0.369414012,-0.165043949,-0.285727112,-0.062339631,-0.168836355,-0.098109348
28,-0.328772562,0.762156025,-0.078055041,0.128019753,0.742233263,0.669457073,0.072643772,0.260965533,0.092939677,0.02281632,0.456892259,0.393053393,0.795980276,0.094525359,0.527899242,0.001250806
29,0.274759184,0.138067903,-0.139457482,-0.3362962,0.106268633,-0.056934303,-0.395192269,-0.383169385,0.213470849,0.031560518,-0.009054289,-0.563069266,-0.528855129,-0.688150554,-0.288072298,-0.575312136
30,-0.080833763,0.073756694,0.052157258,-0.008012348,0.312209378,0.139880797,0.196588027,0.381541177,0.060848788,0.090691771,0.280679187,0.105270109,0.485080365,0.183568911,0.295944069,0.03525846
31,0.046044583,-0.391899546,0.144080016,0.21089397,-0.838697461,-0.675050775,-0.299172363,-0.258033517,-0.093204605,0.305672815,-0.477687287,-0.2372138,-0.590065013,-0.731252401,-0.664177518,-0.448039237
32,0.28315568,0.343212577,0.241052089,0.100451655,0.238871747,0.183705528,-0.103230199,-0.2846202,0.388958734,0.205019708,0.109588593,0.022555382,0.344159507,-0.608527672,0.192436219,-0.231550028
33,0.272623484,-0.530972212,-0.044528973,-0.395485939,-0.127348593,-0.074725816,-0.119359421,-0.27766792,-0.064082017,-0.024705767,-0.016318957,-0.170198763,0.334115763,-0.60095854,-0.070359255,-0.25252066
34,0.110474735,-0.530438515,0.138176479,0.206825717,-0.848913494,-0.683458794,-0.301805577,-0.20341799,-0.041076634,0.262369214,-0.59111658,-0.344476618,-0.634156734,-0.665282702,-0.597652717,-0.317707838
35,0.250328967,-0.059817567,0.561810101,0.336179586,-0.135223481,-0.11885293,-0.1753726,0.324686556,0.339744793,0.537725416,-0.202142032,0.118551322,-0.102582921,0.164911539,-0.258572121,0.352281214
36,0.097043044,-0.414733164,0.108303757,-0.10856773,-0.171964042,-0.262286799,-0.055722879,0.036663801,-0.021035728,0.122352027,-0.121377955,-0.214523932,-0.315661861,-0.192684487,0.042460958,0.146978689
37,0.007626927,0.035332263,0.140346391,-0.007521216,-0.043490184,-0.033946734,-0.085798909,-0.234767475,0.166746924,-0.054185281,-0.091508011,-0.011928762,0.468391387,-0.652692047,0.321212225,-0.194706735
38,-0.146988302,0.939610808,0.07262736,0.226572667,0.28497994,0.158361056,0.327951524,0.151799022,0.221325668,0.147201866,0.401192369,0.152793349,0.436483718,0.065310461,0.353908431,0.336796492
39,0.470562764,0.459142829,0.441713681,0.530466585,1.33096688,0.828739927,0.422230559,0.555204246,0.3277348,0.27976115,0.68057596,0.361788975,0.4131894,0.614469463,0.93429508,0.299870239
40,0.221510365,-0.475366252,-0.357393828,-0.043137853,0.160849002,-0.111671953,-0.208971105,-0.482415964,0.291641662,-0.063492869,-0.250957001,-0.074561528,-0.333547064,-0.686291305,-0.042618751,-0.518476126
41,0.133791914,-0.842236122,0.114540407,0.070024387,-0.222059887,3.65E-05,-0.536747848,-0.392133003,0.130925751,-0.10796095,-0.691883772,-0.063688628,-0.580453415,-0.636018833,0.114907649,-0.34020534
42,0.51272221,0.198316795,0.245041543,0.125260551,-0.130895911,-0.016512518,-0.281019857,-0.266673554,0.585568765,0.375358622,-0.053857281,0.010156295,0.421992606,-0.568681318,0.29873187,-0.376364716
43,0.324382225,-0.702128045,0.120546256,-0.100351594,-0.388367963,-0.310205633,-0.335214653,-0.238643037,0.032312662,-0.03714742,-0.555017673,-0.216484195,-0.370617528,-0.639959362,-0.046291349,-0.280956107
44,0.373010595,0.646032737,0.508681827,0.28326741,0.126540522,0.760890386,0.468036017,0.574809165,0.427169076,0.365954133,0.62476749,0.284106207,0.540382761,0.717072528,0.128727656,0.56791647
45,0.137897617,-0.533161732,0.191550546,0.091590834,0.05553459,0.062534559,-0.20245845,-0.282307188,0.197306596,0.269315368,0.344500328,-0.090908842,0.414022177,-0.180394371,0.169599463,0.014498334
46,0.483696332,-0.753153519,0.30272681,0.156670434,-0.248375343,-0.168057322,-0.301060988,-0.286787004,0.195233477,0.166725652,-0.455751071,-0.040303212,-0.383853096,-0.609339196,0.098987486,-0.239015487
47,-0.329718238,-0.733680919,-0.266240945,0.071073526,-0.341051315,-0.222266129,-0.222916202,-0.383458692,-0.255440853,-0.230495178,-0.276646031,-0.337844893,-0.14423686,-0.633079459,-0.057941718,-0.146162329
48,-0.370108904,0.73098917,0.004738482,0.067374877,0.342135918,0.021330982,0.313948481,0.411844653,0.014195921,-0.112869646,0.300212308,0.20600997,0.459407714,0.335652771,0.479005376,0.329748854
50,-0.202643958,-0.031534407,-0.130469369,0.254994136,0.088699428,0.230046396,0.0644755,-0.062838331,0.108526508,0.147357565,0.061574592,0.273541725,0.340636264,-0.352468139,0.18841456,-0.146687718
51,-0.240144676,-0.202418163,0.106497528,0.458078949,-0.012422002,0.152814809,-0.066365715,0.268108489,-0.160539133,-0.236868647,-0.187743769,0.059754936,-0.167855333,0.169131614,0.065432648,0.096359124
54,0.44944563,0.146755129,0.437446682,-0.046959862,0.133473734,-0.046165976,-0.322746273,0.105839922,0.22844563,0.258849808,-0.073234325,0.230520857,-0.446649217,0.341640676,-0.105442933,0.000206879
55,0.22479394,-0.645772972,-0.081040001,-0.320370611,-0.138293785,0.001668865,-0.191451035,-0.53643923,-0.097626313,-0.099575093,-0.131020138,-0.387734552,0.089023337,-0.88420304,-0.294617953,-0.217376191
56,-0.226758121,-0.592739195,-0.176622012,-0.146523893,-0.048938453,-0.058591736,0.196813184,-0.383037207,-0.390290241,-0.241641646,-0.120209908,-0.233389761,-0.151223583,-0.786358122,-0.208964991,0.088358308
57,0.138593493,-0.762047907,0.191179668,-0.099453564,-0.409794717,-0.32620459,-0.382844962,-0.306590573,0.154650264,-0.001364416,-0.542200401,-0.132320945,-0.037341212,-0.555882613,0.022190035,-0.237806259
58,0.088913528,0.209046655,-0.089570627,0.122792083,0.120352425,0.089841233,0.090503149,0.019199952,0.228055649,0.250391477,0.127356152,0.141934888,0.197785261,-0.262143911,0.066546806,0.57389018
59,-0.063017355,0.969171449,0.142160336,0.184490875,0.705934806,0.659837733,0.082480412,-0.016300051,0.227560177,0.200066792,0.689844807,0.363181085,0.776411216,-0.009590113,0.225484641,-0.091058394
60,0.20186477,-0.968570578,-0.16574229,-0.242402288,-0.287248167,-0.01560945,-0.173215232,-0.274728846,-0.178757789,0.063289572,-0.150883613,-0.200778376,0.040606833,-0.820345736,-0.31331602,-0.416642219
61,-0.207912682,-0.775438896,-0.30975684,-0.261267193,-0.499539686,-0.473311797,-0.340686723,-0.080547898,-0.498513705,-0.458780243,-0.148033126,-0.162120389,0.087150467,-0.841359024,-0.014853368,-0.496097583
62,0.323253991,-0.06208949,0.044190755,0.093514776,0.194591156,0.123371056,0.067726825,-0.056841594,0.197340149,0.121858956,-0.071601117,0.017812256,0.341624903,0.121414461,-0.020205516,0.75419432
63,-1.019924167,0.616177476,-0.282030282,-0.029717933,0.475177186,0.190692228,0.635571842,0.204470501,-0.979619559,-1.005415858,0.055328201,-0.019516181,-0.231837362,1.082344427,0.181405466,0.613459601
64,0.23604278,-0.501491225,0.02300796,-0.319506652,-0.133238117,0.12498121,-0.122267442,-0.497118553,-0.18446707,0.011290634,0.049370495,-0.312774195,0.353511792,-0.849945893,-0.328267942,-0.414529891
65,0.311525964,-0.622237134,0.268973839,0.175493599,-0.077696175,-0.153082622,-0.057441102,-0.246208124,0.400284891,0.5422748,0.103051108,0.110856019,0.313598856,-0.495591055,-0.117460812,-0.108671935
66,0.354828406,-0.013427634,0.103477908,0.064117368,-0.302779997,-0.311434573,-0.179731615,0.092709077,0.37789648,0.217802552,0.133940946,0.173864724,-0.189871109,0.015077053,0.154524947,0.153119561
67,0.11658932,-0.897271201,0.078243496,-0.173553385,-0.255290722,0.031721636,-0.198125057,-0.522842014,-0.187424248,-0.144219406,-0.433127555,-0.17588494,-0.182084617,-0.702452312,-0.260099911,-0.031238331
68,-0.157628784,-0.007633245,-0.005791974,0.187252723,0.395194777,0.245203737,0.346785774,0.207449438,-0.068144938,0.053050321,0.348466665,0.141116081,0.489008386,0.047591146,0.232806446,0.353589382
69,-0.087598332,-0.350406584,0.170268559,0.067452954,0.26260812,0.052018034,0.198318156,0.148713813,0.163596026,-0.055755023,0.084378353,0.168064752,0.605002148,-0.334711907,0.06514449,0.291089917
70,0.084709815,-0.438326105,-0.128984906,-0.175276078,-0.276792966,-0.244186046,-0.22796396,-0.584119097,-0.133945723,-0.033819499,-0.270897513,-0.305660548,0.057821084,-0.792893194,-0.212963393,-0.086137295
71,0.087627189,-0.000962888,-0.31186544,0.404787748,0.671813196,0.337893736,0.194695741,-0.03188653,0.382570175,-0.129797334,-0.10192067,0.646588518,0.662197591,-0.535242738,0.555066486,0.489166825
72,0.280517944,0.283608243,0.197270259,-0.004740935,0.295265297,0.230671213,-0.095401789,-0.190156364,0.289623041,0.135514629,0.143863989,-0.009859436,0.327084136,-0.452923963,0.161005632,-0.038016584
73,0.363926234,0.257562005,0.454900997,0.163536004,0.051173234,0.048619584,-0.207731232,-0.106391523,0.52925459,0.407558903,-0.018091024,0.233125724,0.303690867,-0.586432905,0.144396538,-0.15059216
74,0.424435214,-0.437044552,0.011230552,0.063085411,-0.001180311,0.025765002,-0.315522391,-0.446474019,0.292054209,0.23886903,-0.261644146,0.116286702,0.220086955,-0.731067724,-0.043880036,-0.282558623
75,-0.113175165,-0.887952576,-0.263371449,-0.349906261,-0.52712193,-0.390580782,-0.452691043,-0.100199145,-0.493145277,-0.510500392,-0.374780916,-0.167136402,-0.221363203,-0.62968198,-0.223591288,-0.502545779
76,0.092120172,-0.409154419,0.049616417,0.01558485,-0.182708443,-0.018524556,-0.157258439,-0.081623464,-0.033106454,0.131280585,-0.156489757,-0.047472341,-0.14488246,-0.046389808,-0.058840366,-0.122971415
77,0.13256715,-0.752531386,0.001511925,-0.280001893,-0.40415974,-0.206721762,-0.137012318,-0.30124967,-0.074690444,-0.158955558,-0.359957063,-0.261955728,0.069569689,-0.729938512,-0.006131548,-0.286364661
78,-0.627906475,0.393735941,-0.000991295,0.374605296,0.090248417,0.189197154,0.35217898,-0.419202586,-0.55037431,-0.745536628,0.37900588,0.077898254,0.412051122,0.174089095,-0.090421476,0.250473836
79,0.108066186,0.068537675,-0.097011907,0.244547816,0.037928832,0.150431373,0.430147245,0.110632308,-0.141672398,0.055856945,0.027795304,-0.234787175,-0.147029364,0.276336618,-0.166150266,0.071894989
80,0.048719895,-0.663763857,-0.011749005,-0.35366587,-0.390805521,-0.231473052,-0.251008425,-0.139159881,-0.218350545,-0.222762212,-0.407637765,-0.250081926,-0.039821177,-0.612345807,-0.075513262,0.244195862
81,0.522167146,-0.116523824,0.128634994,0.091330532,-0.07863359,0.336603692,-0.230195284,-0.031851177,0.34305158,0.450778032,-0.106744507,0.097274148,-0.320269706,-0.370349577,-0.102746544,0.026924356
82,0.098815766,0.615543757,0.141033142,0.154873268,0.54097445,0.616038036,0.301114928,-0.187964226,0.061263458,-0.181929369,0.436801178,0.112620692,0.652764079,-0.178529444,0.120331296,0.579897229
83,0.36221083,-0.604305592,0.013795344,-0.001375948,-0.148376307,0.131852681,-0.360229599,-0.410684019,0.076999109,0.106536114,-0.340259063,-0.078484853,0.07405006,-0.612386858,-0.0790483,-0.248466491
84,0.089977153,-0.196133043,0.18268859,-0.040463496,-0.195967652,-0.178717125,-0.144237102,-0.072220638,-0.054463345,-0.116146624,-0.300067295,-0.017489045,-0.184898406,-0.52202067,0.025050085,-0.369970484
85,0.290778251,0.669530734,0.072673745,0.217393284,0.30123017,0.251245365,-0.291072722,-0.005668891,0.354956402,0.321124167,0.347441806,-0.014640998,0.027011119,-0.180920769,-0.136936825,0.098914063
86,-0.252304293,0.181463249,-0.331320031,-0.250777209,0.154921121,0.055500789,0.558593494,-0.240419176,-0.311888815,-0.161827173,0.431834283,-0.251939831,0.728349556,-0.433131688,-0.082749858,-0.045397811
87,-0.079730573,-1.235386367,-0.131756604,-0.040549367,-0.584046796,-0.36405855,-0.370162357,-0.379864998,-0.255104914,-0.335211833,-0.323845377,-0.061453919,0.019212586,-0.525984455,-0.043279479,-0.219938936
88,-0.013303501,-0.391573067,0.18314558,0.174483156,-0.489152612,-0.394041068,-0.244025733,-0.225940975,-0.082361883,0.193747807,-0.512622927,-0.124781883,-0.696830683,-0.134370283,-0.631820218,-0.169497177
89,-0.024805903,0.807702298,0.130791766,0.214922282,0.182908307,0.026214239,-0.006927528,-0.070807904,0.419855395,0.334284022,0.4485717,0.128815527,0.601614948,-0.047957159,0.266058698,-0.18417952
90,0.550160163,-0.097384393,0.093667297,0.122363648,0.107879597,0.234972353,-0.302145857,-0.221217563,0.253784294,0.283273632,-0.076245795,0.049602021,-0.221925902,-0.103287852,-0.143184158,-0.142003972
91,0.689297532,0.080268613,0.63562129,0.728134645,-0.043461387,-0.240652262,0.136896016,0.298720453,0.205317419,0.714996914,-0.029884456,0.454855435,1.189770632,-0.39470516,0.251542241,0.463944451
92,0.086130903,-0.158894591,0.010795405,-0.021669759,-0.096633092,-0.147744132,-0.140448211,-0.15867569,0.137256771,0.213061289,-0.083100684,0.028635327,-0.255501944,-0.19163327,-0.128169275,-0.078348494
93,0.055890861,-0.708073347,-0.178555743,-0.266039146,-0.137059763,0.022938745,-0.036148061,-0.521957513,-0.22014123,-0.204285852,-0.167568124,-0.361649225,0.11373483,-0.866423904,-0.292133864,-0.315161747
94,-0.064075829,0.152592088,-0.050454602,0.050867023,-3.116186132,-3.223407992,0.176624439,0.149429483,-0.014425083,-0.017346577,0.16957888,0.058026698,-0.051070347,0.284894462,-0.021876669,-0.030118862
95,0.205797564,0.598338225,0.177962253,0.030008099,-0.02465973,-0.042681961,-0.123613293,0.049227568,0.482047253,0.214814797,0.028752431,0.171234646,0.551488183,-0.393662612,0.476577366,0.063436487
96,0.387448483,-0.937400675,0.13846174,-0.178525002,-0.412286834,-0.140036796,-0.424020093,-0.496734173,-0.008217438,0.207426489,-0.32942265,-0.232722441,0.025816392,-0.977876831,-0.279823438,-0.301966764
97,0.054078549,0.232211332,-0.098248003,0.051489958,-2.807126536,-3.024339011,-0.082424624,-0.042933862,0.04428104,0.085239195,0.116230573,0.164804926,-0.168568486,0.056930085,-0.10876032,-0.259992585
98,-0.530078263,-0.15479442,-0.619957077,-0.451398857,0.152015285,0.012800609,0.059949508,-0.0904859,-0.452086244,-0.517489356,0.0884518,-0.631239082,-0.764948871,0.489466927,-0.379347736,-0.67601374
99,0.1942,-0.19893594,-0.002463188,0.022990661,-0.422222392,-0.21241502,-0.496019442,-0.244109075,0.328351729,0.28446656,-0.026852056,-0.204303679,-0.144744518,-0.422769023,-0.119567585,0.050573208
100,-0.227440742,-0.237015871,-0.405336072,-0.382114115,0.061817643,-0.001817361,-0.113785507,-0.271172479,-0.202447838,-0.300913652,-0.005828558,-0.534424825,-0.540944293,0.038334839,-0.364562291,-0.672510128
101,-0.089333287,-0.277347582,0.06094654,0.295548654,-0.333118078,-0.352421106,-0.161408579,-0.194394756,-0.033575679,0.157747528,-0.432343635,-0.188790602,-0.59714289,-0.153113511,-0.512949564,-0.397456191
102,-0.585093801,-0.119557218,-0.334978987,0.14754632,0.260443809,-0.029404036,-0.148657402,-0.485489845,-0.453754221,-0.278966652,-0.018333992,-0.21697753,-0.81210712,-0.582916309,-0.938465734,-0.886788309
103,0.469649879,0.433524992,0.376252163,0.088465145,0.069349652,0.146035335,-0.313783649,-0.257961319,0.612083998,0.384841098,-0.021353952,0.148645303,0.506727038,-0.581542548,0.222298983,-0.463091195
104,-0.285269223,-0.10465951,-0.075036364,0.05477868,0.073180494,-0.193724996,-0.082704167,0.212802119,-0.046133456,-0.227998294,-0.249911874,0.007555097,0.270969993,0.019257135,0.298438397,0.59028423
105,0.258837594,0.204976944,0.155687158,-0.025232901,-0.095735301,0.038593881,-0.227523215,-0.048906353,0.393809916,0.079086006,-0.097236926,0.032467597,0.47960659,-0.627363714,0.286739131,-0.171129414
106,-0.232241846,-0.442463044,-0.141903127,0.079260693,-0.094684175,0.044999714,-0.089727376,-0.274597059,-0.207399586,-0.195728326,-0.230181786,-0.113389823,-0.005404092,-0.417572864,0.123724825,0.07799735
107,0.209347498,-0.192494088,0.205297131,0.017246664,0.01940531,-0.11518081,-0.202605894,-0.056514617,0.009495347,-0.138583122,-0.096743636,-0.238085538,-0.230866247,0.301346764,-0.020400896,-0.06467928
108,0.395796631,0.713445817,0.199251718,0.06495894,0.068484914,0.071322994,-0.144333848,0.054096177,0.593194906,0.285047733,0.199113515,0.258896337,0.618346575,-0.381293238,0.365100299,0.080876076
109,-0.30908061,0.128909383,-0.251376935,0.231465263,0.208383818,0.068976596,0.355652462,0.136829446,-0.223698267,-0.215392965,0.01940495,-0.209547212,-0.118295671,0.561927576,-0.061191009,0.288712241
110,0.057101797,0.04036164,0.144085001,0.032274641,0.234749847,0.292074509,0.171286692,0.318931667,-0.044696903,0.059835001,0.046902679,0.039827305,-0.057523721,0.3044778,0.174028001,0.229030693
111,0.330940159,-0.012705929,0.299840331,0.038467136,-0.121684407,0.111250282,-0.033498077,0.255948804,0.285513066,0.325946949,0.161434994,0.053893649,-0.073496682,0.101103701,0.10737371,0.155830652
112,0.163651836,-0.432138624,0.033784685,-0.034858688,-0.094094741,-0.015651092,-0.370892386,0.05296952,0.054094629,0.071807874,-0.430581212,0.030379705,-0.176875733,-0.234255256,-0.072788082,-0.031303178
113,-0.510518462,-0.19550967,-0.417350029,0.070458965,-2.365547107,-3.219638326,-0.316900513,-0.174517159,-0.429963885,-0.412420631,-0.196017153,-0.344765004,-0.489458626,-0.12760415,-0.375285777,-0.416131187
114,0.077289556,-0.721250166,-0.175691414,0.021819784,-0.224052985,-0.292431711,-0.383953868,-0.454648455,-0.172554277,-0.02976756,-0.260710407,-0.30561193,0.011630692,-0.383287387,-0.142798154,-0.384464951
115,-0.051890178,0.207875627,0.081957164,0.030133074,-0.017225584,-0.11105288,-0.146675493,-0.23790765,0.148432752,-0.068930931,-0.088275102,-0.002154216,0.249339054,-0.415078502,0.242360876,0.071808098
116,0.096263979,0.935745306,0.111791235,0.221002243,0.293429702,0.114500655,-0.022144669,0.243537087,0.443498991,0.33754891,0.342212103,0.344771625,0.337045416,0.150259686,0.398725247,0.324686178
117,0.116007358,0.659153541,0.228408103,0.314920541,0.397147547,0.214689141,0.043829906,0.250178719,0.446285217,0.322125921,0.298983743,0.352091523,0.588916504,0.032070898,0.675589067,0.14591203
118,-0.140605306,-1.207851803,-0.357126027,-0.53173859,-0.56026907,-0.410442885,-0.31317341,-0.152653395,-0.487873489,-0.622407419,-0.423241805,-0.55224037,-0.387454485,-0.374845875,-0.189141026,-0.511474404
119,0.349318695,-1.004945804,0.04102194,0.084375377,-0.643056737,-0.52516721,-0.493984822,-0.338240255,0.093999966,0.036490283,-0.297289758,0.002687711,-0.19866236,-0.49192811,-0.110762584,-0.274496621
120,-0.071337788,0.261876654,-0.261889872,0.051650266,-4.087984972,-4.920408358,0.053326226,0.214401818,0.022779943,-0.011994408,0.288786043,0.020275376,-0.022715959,0.347243033,0.066932417,-0.199663504
121,0.223607788,-0.200069854,-0.061584627,0.039043958,-0.203626467,-0.069105089,-0.259241467,-0.078708404,0.311227998,0.320942921,0.058572757,-0.001873148,-0.089155408,-0.250107144,-0.06810794,0.088964117
122,0.02294817,0.027542899,-0.180396957,0.085285634,0.322642091,-0.136346095,0.340771779,0.150426897,-0.105125453,0.258937857,-0.143295122,0.497616426,0.313915349,0.107374064,-0.125630197,-0.029461633
123,0.027458162,0.186787225,-0.00539652,0.082523336,-3.345438684,-3.717359596,0.15504129,0.10199189,-0.016569102,-0.006312494,0.134380825,0.084647924,-0.012398306,0.253346571,0.060115705,0.060811365
124,0.301105367,0.277975295,0.185925358,0.098377892,-0.031952443,-0.074156066,-0.320281412,-0.083338265,0.574814506,0.275774641,-0.175924626,0.146309993,0.462891205,-0.56346588,0.439728187,0.096918443
125,0.016287871,-0.564596842,-0.11660724,-0.091854818,-0.455696879,-0.309325246,-0.395271352,-0.201501663,-0.253656635,-0.197912326,-0.37838906,-0.123826188,0.02887375,-0.714604593,0.054423613,-0.471927519
126,-0.12339467,-0.691210071,-0.113223529,0.004539658,-0.391600077,-0.541404709,-0.315306038,-0.204329663,-0.254733947,-0.243373591,-0.05038954,-0.024185285,0.018884935,-0.789384037,-0.04471872,-0.50882824
127,0.701540877,-0.235014516,0.161348117,0.133902678,0.022173166,0.208973126,-0.456072787,-0.234130144,0.405026656,0.43624428,-0.014665708,0.10905865,0.090107721,-0.471612446,-0.071254772,-0.18787091
128,-0.211035256,0.725770519,-0.08042251,0.133193517,0.792780833,0.765941073,0.158203888,0.213213859,0.12053613,0.028880097,0.468307372,0.412095546,0.774668385,0.146049007,0.541606257,0.047956153
129,-0.004855207,-0.88192749,-0.131218925,-0.019485335,-0.22473336,-0.041704932,-0.123724679,-0.337098223,-0.135109323,-0.245430327,-0.031101989,-0.228670455,-0.004563915,-0.86942293,-0.18709353,0.175498966
130,0.38561789,-0.466838403,0.144148662,0.340520746,0.119462547,0.335094803,-0.055762341,-0.163549473,0.527612916,0.345624983,-0.032624627,0.438728174,0.222903488,-0.692984398,0.039300506,0.346716738
131,0.211936304,0.832335263,0.136424903,0.115098862,0.240363906,0.156784155,-0.171107555,-0.023767272,0.59938641,0.203512183,0.328271369,0.238611377,0.7317918,-0.249205681,0.422063861,0.044845573
132,-0.120738445,0.082313136,-0.014813711,0.085137775,0.410023391,0.388265219,0.324108506,-0.009476355,-0.094027921,0.052912844,0.219572977,0.249420838,0.053031525,0.380619485,-0.055097102,0.396234393
133,0.070484762,-0.511744122,0.247821678,0.27970656,-0.181711973,0.100868631,0.182510782,-0.162253571,0.157253558,0.30795855,-0.278861016,0.306209038,0.100164785,-0.180758809,0.001324133,-0.211827755
134,0.118004281,-0.179310147,0.096482875,0.209851978,0.066396287,-0.06557125,0.022609176,-0.036262534,0.012052635,0.234852352,0.093269027,0.126148264,-0.126773589,0.13106258,-0.095164553,0.340256721
135,0.562971601,-0.842086109,0.040389184,0.070124829,-0.709070201,-0.51278267,-0.710990661,-0.294884499,0.377700617,0.261099375,-0.214011098,0.10154067,-0.235094813,-0.419362531,-0.24586512,-0.195042812
136,0.49730387,0.02259363,0.168579968,0.085099453,0.042900884,0.087309835,-0.213241401,-0.133129609,0.515519424,0.524124312,0.197861613,0.196953734,0.36885252,-0.363461628,0.152139526,-0.176236718
137,0.708779611,-0.655747607,0.171107348,0.200833746,-0.52867131,-0.40075355,-0.666744822,-0.387767531,0.495474371,0.43631605,-0.167584781,0.084977828,-0.146613817,-0.345895114,-0.143591824,-0.231239272
138,0.611882497,0.260586833,0.40322711,0.17969882,0.132078744,0.096198955,-0.205607992,0.171883313,0.543299344,0.42322792,-0.031608596,0.480794441,0.312584964,-0.238860427,0.453761385,0.084620893
139,0.256963949,0.359133695,0.525945584,0.230350423,0.257311985,0.140078718,-0.060499845,-0.05782125,0.397798611,0.424831762,0.077232623,0.303633574,0.142295653,-0.19569948,0.127691725,0.044777284
140,-0.335833679,-0.55363216,-0.180181111,-0.304388888,-0.093824976,-0.176126722,0.010068615,-0.092986665,-0.411612047,-0.403254488,-0.262677899,-0.319875867,-0.021217966,-0.330302058,-0.129415338,-0.073159509
141,-0.653330547,0.164629919,-0.327372516,0.01738075,0.411699506,0.184147838,0.515302643,0.226115542,-0.376413259,-0.492607717,0.163039909,0.045744859,0.050670533,0.404920713,0.228780517,0.345326233
142,-0.290398716,0.158823489,-0.191643781,-0.006365164,0.481307641,0.263362834,0.33268686,0.156095813,-0.129349966,-0.220675457,0.184827085,0.210743148,-0.204667239,0.356378786,-0.055189769,0.496667772
143,-0.432459683,-0.175417674,-0.125895465,-0.124817119,0.033010612,-0.143208924,0.111647692,0.154928941,-0.173520308,-0.055498573,0.017258317,-0.069836213,0.007800196,-0.2118248,0.024081803,0.11649365
144,-0.274232721,-0.485906091,-0.080848719,-0.146460038,0.119811177,0.102944351,0.284450294,0.120285479,-0.3893123,-0.348388121,-0.112905884,-0.128909288,-0.184323455,0.067622171,0.034480109,0.121279866
145,-0.10127349,0.260248526,-0.029062217,0.072949497,0.326636058,0.130198243,0.181330295,0.226845374,-0.121097333,-0.035918441,0.128190391,0.055593234,-0.214595982,0.509068335,-0.01497202,0.202000143
